,player,age,ws_3,mp_3,ws_2,mp_2,ws_1,mp_1,ws_target,mp_target,proj_marcel
1,Alvin Williams,26.0,0.059,1071.0,0.053,1051.0,0.063,779.0,0.109,2394.0,0.090048632283
2,DeSagana Diop,25.0,0.063,730.0,-0.006,306.0,0.13,1510.0,0.123,1480.0,0.114977934736
5,Tracy McGrady,25.0,0.189,2912.0,0.262,2954.0,0.151,2675.0,0.18,3182.0,0.163844039455
6,Theo Ratliff,30.0,0.138,1800.0,0.012,82.0,0.077,2518.0,0.094,2664.0,0.0912429845948
7,Mike Conley,27.0,0.141,2174.0,0.172,2757.0,0.161,2446.0,0.147,2225.0,0.146131484833
8,Jason Terry,25.0,0.047,1888.0,0.1,3089.0,0.139,2967.0,0.116,3081.0,0.121883351672
9,Jacque Vaughn,30.0,0.058,1686.0,-0.002,1271.0,0.062,1410.0,0.06,1234.0,0.0759010848031
10,Wesley Person,30.0,0.094,1342.0,0.086,2056.0,0.061,958.0,0.119,2793.0,0.0913007331088
13,Shaquille O'Neal*,29.0,0.255,1705.0,0.283,3163.0,0.245,2924.0,0.262,2422.0,0.211865155361
14,Milt Palacio,25.0,0.076,1141.0,0.05,790.0,0.004,1976.0,-0.02,1211.0,0.0561412237539
15,Eric Snow,26.0,0.117,775.0,0.067,918.0,0.105,1716.0,0.102,2866.0,0.104621596983
16,Paul Pierce,29.0,0.109,3099.0,0.182,2960.0,0.178,3084.0,0.148,1740.0,0.156208441066
17,Grant Hill,38.0,0.127,2222.0,0.104,2445.0,0.109,2430.0,0.087,2409.0,0.106632086475
18,Deron Williams,27.0,0.16,2505.0,0.177,2802.0,0.142,2465.0,0.099,1999.0,0.13951835706
20,Tony Parker,32.0,0.177,1923.0,0.206,2174.0,0.141,1997.0,0.1,1953.0,0.140699482761
21,Kurt Thomas,35.0,0.087,2855.0,0.112,1411.0,0.115,1208.0,0.123,1584.0,0.109102450065
22,Devean George,29.0,0.083,1951.0,0.041,306.0,0.082,1542.0,0.078,1283.0,0.0946330897811
23,Allen Iverson*,32.0,0.136,3174.0,0.165,3103.0,0.108,2761.0,0.163,3424.0,0.120421543657
24,Hedo Turkoglu,26.0,0.105,1175.0,0.155,2073.0,0.092,1757.0,0.14,2615.0,0.112213197813
26,Jeff Foster,31.0,0.162,1594.0,0.174,1581.0,0.124,1740.0,0.165,1884.0,0.125476191294
28,Jason Kidd,24.0,0.066,2668.0,0.068,3034.0,0.107,1964.0,0.123,3118.0,0.0989292282389
29,Pau Gasol,25.0,0.138,2948.0,0.159,2458.0,0.184,1790.0,0.184,3135.0,0.150157823572
31,Tony Battie,27.0,0.131,845.0,0.164,1819.0,0.164,1683.0,0.074,1478.0,0.140811206391
33,Zaza Pachulia,22.0,0.023,664.0,0.099,1397.0,0.077,2452.0,0.114,2026.0,0.0937248182335
36,Jason Terry,33.0,0.16,2579.0,0.14,2491.0,0.123,2540.0,0.1,2564.0,0.121549041733
37,Damon Jones,25.0,0.095,344.0,0.053,612.0,0.062,1415.0,0.084,1083.0,0.0877521140083
40,Damien Wilkins,30.0,0.066,2037.0,0.027,1843.0,0.002,636.0,0.056,1585.0,0.069198103131
41,Elden Campbell,29.0,0.087,2076.0,0.147,2699.0,0.134,2516.0,0.126,1784.0,0.127123804509
44,Tim Thomas,29.0,0.093,2089.0,0.054,1940.0,0.065,666.0,0.092,2054.0,0.0875393907557
46,Lou Williams,27.0,0.141,1747.0,0.174,1682.0,0.103,1119.0,0.087,1445.0,0.120898165831
48,Mike James,29.0,0.004,119.0,0.051,1722.0,0.113,2196.0,0.11,1859.0,0.102155386125
49,Sam Cassell,31.0,0.152,2606.0,0.187,199.0,0.152,2899.0,0.15,2709.0,0.135964722041
51,LaMarcus Aldridge,24.0,0.118,1392.0,0.113,2649.0,0.151,3004.0,0.145,2922.0,0.132981011146
52,Dikembe Mutombo*,34.0,0.177,2917.0,0.206,1829.0,0.16,2984.0,0.151,2591.0,0.148468531153
53,Joakim Noah,25.0,0.12,1534.0,0.159,1938.0,0.154,1925.0,0.205,1576.0,0.138095341871
54,Darrick Martin,26.0,0.004,803.0,0.023,1149.0,0.121,1820.0,0.041,2299.0,0.104393028028
55,Eric Piatkowski,27.0,0.079,1208.0,0.071,784.0,0.146,747.0,0.108,1740.0,0.11421950569
56,Gary Payton*,31.0,0.193,3213.0,0.19,3145.0,0.172,2008.0,0.195,3425.0,0.154518276342
57,Ish Smith,25.0,-0.016,442.0,0.062,234.0,-0.04,516.0,0.048,1006.0,0.0767494749722
59,Chris Wilcox,23.0,0.062,479.0,0.094,1340.0,0.064,1005.0,0.138,1529.0,0.0954287592268
61,Eduardo Najera,31.0,0.066,1185.0,0.09,1449.0,0.138,1658.0,0.118,1664.0,0.116571702545
62,Stephen Jackson,25.0,0.026,1660.0,-0.024,227.0,0.102,2254.0,0.072,2940.0,0.10197014739
63,Steve Nash,33.0,0.203,2573.0,0.212,2796.0,0.225,2682.0,0.181,2780.0,0.183157540809
64,Chris Andersen,36.0,0.183,486.0,0.207,624.0,0.205,1396.0,0.151,1132.0,0.152259835494
65,Dale Davis,29.0,0.115,2617.0,0.124,2589.0,0.158,2174.0,0.157,1374.0,0.13236018688
67,Metta World Peace,27.0,0.141,2714.0,0.219,291.0,0.081,2207.0,0.122,2641.0,0.0999112031563
68,Peja Stojakovic,32.0,0.1,425.0,0.144,2711.0,0.087,2089.0,0.067,1947.0,0.107038041903
69,P.J. Brown,28.0,0.09,2466.0,0.087,2942.0,0.139,2592.0,0.152,2362.0,0.117459757818
70,Udonis Haslem,32.0,0.132,2177.0,0.13,345.0,0.106,1589.0,0.108,1414.0,0.108887611142
71,Elton Brand,33.0,0.073,2297.0,0.161,2809.0,0.168,1732.0,0.107,1527.0,0.139826078016
73,Dennis Rodman*,36.0,0.178,1568.0,0.143,2088.0,0.148,1947.0,0.131,2856.0,0.13060448546
74,Vin Baker,26.0,0.083,3361.0,0.089,3319.0,0.127,3159.0,0.169,2944.0,0.113713465308
75,Emeka Okafor,25.0,0.074,2600.0,0.054,874.0,0.147,2329.0,0.103,2718.0,0.124027656052
77,Al Harrington,29.0,0.08,2563.0,0.118,2190.0,0.073,2546.0,0.077,2195.0,0.0929981311949
79,Allan Houston,28.0,0.084,2681.0,0.102,2848.0,0.078,1815.0,0.13,3169.0,0.0956341054204
80,Bimbo Coles,29.0,0.06,2207.0,0.091,2615.0,0.019,1183.0,0.029,1471.0,0.0781564552922
81,Marvin Williams,26.0,0.112,2468.0,0.102,1865.0,0.156,1500.0,0.063,1727.0,0.125551021645
83,Jodie Meeks,26.0,0.12,2062.0,0.12,1644.0,0.085,1663.0,0.084,2556.0,0.103026619238
84,Tom Gugliotta,32.0,0.165,1563.0,0.14,1767.0,0.073,1159.0,0.04,1129.0,0.105037828387
85,Kevin Willis,35.0,0.073,2390.0,0.05,2135.0,0.093,1964.0,0.114,2528.0,0.0897791860913
86,Adonal Foyle,25.0,-0.009,656.0,0.087,614.0,0.055,1654.0,0.022,1457.0,0.084282200394
88,Elton Brand,23.0,0.121,2999.0,0.101,2906.0,0.216,3020.0,0.149,2454.0,0.162616093782
90,Udonis Haslem,31.0,0.106,2560.0,0.132,2177.0,0.13,345.0,0.106,1589.0,0.117064671989
91,Steve Smith,33.0,0.186,2689.0,0.155,2542.0,0.139,2211.0,0.117,1032.0,0.132017450033
92,Derek Anderson,27.0,0.105,978.0,0.073,2201.0,0.166,2859.0,0.137,1860.0,0.132546361125
93,Derek Anderson,32.0,0.097,1810.0,0.052,1239.0,0.074,1047.0,0.117,1190.0,0.0897687912453
94,Reggie Evans,27.0,0.096,1881.0,0.072,1393.0,0.096,1127.0,0.068,1879.0,0.0996508600285
95,Travis Best,27.0,0.096,2064.0,0.103,1547.0,0.097,1043.0,0.145,1691.0,0.10490802099
96,Manu Ginobili,32.0,0.246,2060.0,0.232,2299.0,0.203,1181.0,0.216,2150.0,0.167372167462
97,Markieff Morris,25.0,0.059,1227.0,0.044,1837.0,0.143,2153.0,0.085,2581.0,0.114751099204
98,Keon Clark,26.0,0.029,409.0,0.109,1850.0,0.104,1720.0,0.116,2185.0,0.107738296016
99,Christian Laettner,32.0,0.101,337.0,0.1,2443.0,0.124,1663.0,0.086,1441.0,0.111841443948
100,Caron Butler,34.0,0.059,1871.0,0.091,1879.0,0.062,1419.0,0.07,1623.0,0.0876063635268
101,Jeff Foster,27.0,0.113,1152.0,0.113,1786.0,0.098,802.0,0.202,1961.0,0.108241134342
102,Paul Pierce,37.0,0.161,2075.0,0.135,2575.0,0.119,2098.0,0.138,1914.0,0.11785564061
103,Nikola Vucevic,24.0,0.109,812.0,0.106,2559.0,0.116,1812.0,0.133,2529.0,0.11305871021
104,Delonte West,25.0,0.114,2418.0,0.081,2219.0,0.041,1533.0,0.142,2152.0,0.0814882705354
105,Andrew Bogut,26.0,0.085,2720.0,0.112,1124.0,0.161,2229.0,0.112,2297.0,0.134185780312
107,David Lee,25.0,0.116,1129.0,0.191,1731.0,0.151,2356.0,0.154,2824.0,0.142441599432
108,Dana Barros,30.0,0.183,3318.0,0.116,2328.0,0.065,708.0,0.16,1686.0,0.106665135622
110,Rasheed Wallace,28.0,0.156,2845.0,0.18,2940.0,0.158,2963.0,0.151,2684.0,0.147690746512
112,Timofey Mozgov,27.0,0.053,524.0,0.074,687.0,0.096,366.0,0.123,1770.0,0.103497524834
113,Dwyane Wade,29.0,0.082,1954.0,0.232,3048.0,0.224,2792.0,0.218,2823.0,0.186881098362
114,Walt Williams,27.0,0.089,2739.0,0.112,2169.0,0.098,2647.0,0.071,1470.0,0.104316524779
116,Yao Ming*,25.0,0.176,2382.0,0.202,2692.0,0.21,2447.0,0.211,1949.0,0.175870455571
117,LaMarcus Aldridge,27.0,0.145,2922.0,0.166,3211.0,0.169,1994.0,0.124,2790.0,0.147344256489
118,Brandon Jennings,23.0,0.075,2671.0,0.086,2169.0,0.114,2331.0,0.096,2897.0,0.108595239101
119,Sam Cassell,30.0,0.108,1714.0,0.152,2606.0,0.187,199.0,0.152,2899.0,0.12781315183
120,LaPhonso Ellis,31.0,0.074,539.0,0.07,1309.0,0.127,1948.0,0.063,1684.0,0.111551225991
122,Chris Mills,28.0,0.091,2814.0,0.122,3060.0,0.134,3167.0,0.113,2183.0,0.123443847654
123,Chris Duhon,27.0,0.121,1906.0,0.075,1490.0,0.069,2906.0,0.045,2072.0,0.0850298200377
124,DeAndre Jordan,25.0,0.122,2047.0,0.15,1798.0,0.148,2010.0,0.186,2870.0,0.134094321096
125,Michael Redd,28.0,0.105,2848.0,0.166,3130.0,0.145,2036.0,0.104,2702.0,0.136385246774
126,Nick Young,25.0,0.017,1158.0,0.03,1837.0,0.046,1421.0,0.065,2034.0,0.0723844855625
127,Timofey Mozgov,28.0,0.074,687.0,0.096,366.0,0.123,1770.0,0.133,2045.0,0.114900866824
128,Kendrick Perkins,30.0,0.056,1744.0,0.062,1954.0,0.031,1207.0,0.006,1148.0,0.0745942551561
129,Detlef Schrempf,35.0,0.215,2886.0,0.179,2200.0,0.174,2192.0,0.182,2742.0,0.150843874657
130,Toni Kukoc,29.0,0.185,2584.0,0.231,2103.0,0.204,1610.0,0.15,2235.0,0.168996565255
131,Alonzo Mourning*,27.0,0.153,2941.0,0.178,2671.0,0.174,2320.0,0.185,1939.0,0.152702785317
132,Kevin Garnett,30.0,0.272,3231.0,0.248,3121.0,0.242,2957.0,0.171,2995.0,0.204148836104
133,Jamaal Magloire,28.0,0.131,2777.0,0.019,703.0,0.039,2465.0,0.032,1703.0,0.0688385830123
134,Eddie House,31.0,0.094,946.0,0.127,1480.0,0.158,1479.0,0.042,1217.0,0.129058232991
135,Antonio Davis,30.0,0.137,2092.0,0.106,2335.0,0.162,2191.0,0.151,1271.0,0.13138498354
136,Tyronn Lue,24.0,0.062,188.0,0.103,146.0,0.042,468.0,0.067,1458.0,0.0977812279102
137,Elton Brand,25.0,0.216,3020.0,0.149,2454.0,0.174,2670.0,0.169,3001.0,0.151853156697
139,Vin Baker,32.0,0.04,2129.0,0.061,1710.0,0.082,942.0,0.101,1313.0,0.0898891980287
142,Kyle Lowry,27.0,0.13,2563.0,0.156,1510.0,0.133,2020.0,0.197,2862.0,0.127141535554
144,Kevin Ollie,31.0,0.075,925.0,0.066,1723.0,0.097,1897.0,0.083,1401.0,0.096550861549
145,LeBron James,23.0,0.203,3388.0,0.232,3361.0,0.206,3190.0,0.242,3027.0,0.187896808937
148,LeBron James,28.0,0.299,2966.0,0.244,3063.0,0.298,2326.0,0.322,2877.0,0.223486417253
149,Reggie Miller*,37.0,0.162,2987.0,0.155,3181.0,0.159,2889.0,0.168,2117.0,0.140922898631
151,Vitaly Potapenko,24.0,0.02,1238.0,0.052,1412.0,0.076,1394.0,0.066,1797.0,0.088824408124
153,Marco Belinelli,28.0,0.071,1966.0,0.076,1882.0,0.14,2016.0,0.1,1388.0,0.11597336768
154,Anthony Peeler,31.0,0.1,1193.0,0.065,810.0,0.094,2073.0,0.071,2126.0,0.0980765032047
155,Bryon Russell,27.0,0.079,860.0,0.064,577.0,0.14,2525.0,0.13,2219.0,0.123822584891
156,Jameer Nelson,26.0,0.132,1784.0,0.082,2331.0,0.136,1961.0,0.22,1309.0,0.116233862631
157,Metta World Peace,31.0,0.103,2172.0,0.108,2452.0,0.098,2605.0,0.088,2410.0,0.103216016276
158,Eddie Jones,30.0,0.153,1881.0,0.172,2807.0,0.166,2282.0,0.16,3156.0,0.146974050957
159,Paul Pierce,28.0,0.157,3096.0,0.109,3099.0,0.182,2960.0,0.178,3084.0,0.144943345253
160,Mehmet Okur,27.0,0.179,1580.0,0.147,2304.0,0.152,2945.0,0.158,2664.0,0.138705068688
162,Jamaal Tinsley,29.0,0.102,1301.0,0.031,1122.0,0.06,2243.0,0.028,1293.0,0.0777457835482
163,Thaddeus Young,25.0,0.139,2135.0,0.171,1755.0,0.136,2629.0,0.062,2718.0,0.133194826879
164,Shaquille O'Neal*,28.0,0.224,2175.0,0.255,1705.0,0.283,3163.0,0.245,2924.0,0.222941744688
165,Mario Elie,36.0,0.159,2687.0,0.092,1988.0,0.169,1291.0,0.099,2217.0,0.124647659745
168,Tayshaun Prince,27.0,0.149,3039.0,0.115,2898.0,0.128,3001.0,0.133,2694.0,0.121194119886
169,Erick Dampier,31.0,0.178,2403.0,0.135,1609.0,0.119,1934.0,0.16,1915.0,0.118800824966
172,Marcus Camby,30.0,0.102,1007.0,0.119,616.0,0.154,2162.0,0.138,2015.0,0.131589291924
173,Andray Blatche,22.0,0.026,175.0,0.033,682.0,0.085,1675.0,0.039,1703.0,0.0953482204938
175,Jerome Williams,26.0,0.049,177.0,0.166,1305.0,0.201,1154.0,0.174,2102.0,0.148584047872
178,Kevin Willis,38.0,0.114,2528.0,0.093,1216.0,0.066,1679.0,0.081,1830.0,0.0887204296264
179,Elton Brand,31.0,0.08,274.0,0.047,920.0,0.073,2297.0,0.161,2809.0,0.0854533333826
180,Kenny Thomas,29.0,0.118,2699.0,0.096,2167.0,0.115,2293.0,0.041,1412.0,0.109756281807
181,Marcus Camby,37.0,0.129,1925.0,0.142,2314.0,0.116,1540.0,0.127,1352.0,0.117124254505
182,Al-Farouq Aminu,23.0,0.022,1452.0,0.044,1477.0,0.073,2066.0,0.072,2045.0,0.084687300577
184,Brandon Rush,26.0,0.024,1803.0,0.047,2491.0,0.07,1754.0,0.099,1717.0,0.0802027893502
185,Jordan Crawford,25.0,-0.026,1027.0,0.029,1753.0,0.052,1709.0,0.073,1859.0,0.0726691603154
186,Marcin Gortat,29.0,0.152,2032.0,0.172,2114.0,0.086,1876.0,0.146,2655.0,0.112741562299
187,Dorell Wright,25.0,0.096,1104.0,-0.086,73.0,0.137,1496.0,0.088,3147.0,0.120935482627
192,Wesley Johnson,26.0,0.03,2069.0,0.021,1469.0,0.0,953.0,0.041,2240.0,0.0629236174059
195,Ben Wallace,31.0,0.176,2873.0,0.16,3050.0,0.153,2671.0,0.168,2890.0,0.140775671863
197,Gerald Wallace,27.0,0.141,2640.0,0.094,2376.0,0.172,2669.0,0.177,3119.0,0.137677028189
198,Kyle Lowry,25.0,0.103,1679.0,0.126,1651.0,0.13,2563.0,0.156,1510.0,0.123109159598
199,Mark Bryant,33.0,0.107,1587.0,0.109,1018.0,0.109,1110.0,0.06,1204.0,0.108252520292
201,Kris Humphries,28.0,0.125,2061.0,0.118,2162.0,0.109,1191.0,0.143,1376.0,0.111827105699
202,Travis Outlaw,24.0,0.039,1153.0,0.072,1532.0,0.071,2186.0,0.113,2246.0,0.0872691827687
203,DeMarre Carroll,28.0,0.069,348.0,0.134,1111.0,0.119,2341.0,0.154,2189.0,0.116529578295
204,Dion Glover,24.0,0.029,446.0,0.04,929.0,0.037,1156.0,0.065,1890.0,0.0781548391619
207,Bruce Bowen,33.0,0.054,1699.0,0.096,2566.0,0.098,2624.0,0.111,2627.0,0.0996642907835
208,Marvin Williams,22.0,0.069,1952.0,0.051,2179.0,0.099,2765.0,0.14,2093.0,0.0965462576524
209,Pete Chilcutt,29.0,0.074,1347.0,0.101,651.0,0.08,662.0,0.067,1420.0,0.100868304891
211,Brevin Knight,28.0,0.054,1457.0,0.058,1151.0,0.008,928.0,0.078,1037.0,0.0729499726127
212,Ricky Davis,25.0,0.068,1954.0,0.046,3131.0,0.085,2474.0,0.074,2696.0,0.0849626556499
215,J.J. Redick,27.0,0.098,1111.0,0.173,1808.0,0.142,1513.0,0.142,1765.0,0.132884512732
216,Boris Diaw,27.0,0.097,2268.0,0.063,2308.0,0.082,2754.0,0.103,2906.0,0.0886766887497
217,Eric Snow,31.0,0.119,2225.0,0.13,3108.0,0.09,2966.0,0.05,1844.0,0.104136453042
218,Marc Gasol,29.0,0.146,2586.0,0.166,2370.0,0.197,2796.0,0.137,1970.0,0.16183694425
220,Malik Rose,31.0,0.13,1933.0,0.145,1256.0,0.085,1475.0,0.021,1119.0,0.105188025053
221,Devin Brown,29.0,0.145,1238.0,0.041,1711.0,0.102,1662.0,0.064,1762.0,0.0960124939919
223,Keyon Dooling,23.0,0.056,1237.0,-0.01,155.0,0.016,969.0,0.013,1137.0,0.0769022881126
224,Lamond Murray,25.0,0.032,1816.0,0.078,1295.0,0.092,2579.0,0.01,1317.0,0.0968377965227
225,Kevin Durant,24.0,0.238,3239.0,0.189,3038.0,0.23,2546.0,0.291,3119.0,0.18610909569
226,David West,33.0,0.152,2451.0,0.147,1925.0,0.179,2435.0,0.157,2472.0,0.147170799417
228,Gary Trent,24.0,0.065,1219.0,0.139,1918.0,0.11,1360.0,0.14,1362.0,0.116448308893
229,Kevin Martin,25.0,0.137,1913.0,0.173,2818.0,0.183,2216.0,0.117,1947.0,0.156061039672
231,Lamond Murray,26.0,0.078,1295.0,0.092,2579.0,0.01,1317.0,0.067,2365.0,0.075146919374
232,Steve Nash,30.0,0.167,2837.0,0.206,2711.0,0.162,2612.0,0.203,2573.0,0.153096687048
233,Luke Ridnour,25.0,0.051,1114.0,0.1,2571.0,0.081,2625.0,0.052,2091.0,0.0949049439243
236,Lance Stephenson,24.0,-0.031,442.0,0.115,2278.0,0.13,2752.0,-0.026,1573.0,0.12178670434
237,Dirk Nowitzki,25.0,0.224,3125.0,0.222,2891.0,0.249,3117.0,0.19,2915.0,0.204657343335
238,Jason Richardson,26.0,0.085,2936.0,0.1,2724.0,0.122,2877.0,0.085,1675.0,0.113883781121
239,Nick Anderson,32.0,0.093,2163.0,0.149,1701.0,0.118,1581.0,0.064,2094.0,0.117698796803
241,Jared Dudley,29.0,0.121,2020.0,0.106,2170.0,0.068,1729.0,0.116,1717.0,0.0935785359873
242,Marcus Camby,35.0,0.155,2369.0,0.148,2758.0,0.129,1925.0,0.142,2314.0,0.125150866392
243,Ricky Davis,24.0,0.139,70.0,0.068,1954.0,0.046,3131.0,0.085,2474.0,0.0708152731139
244,Tracy McGrady,31.0,0.115,2440.0,0.108,1181.0,0.018,673.0,0.061,1686.0,0.0898867930876
245,Steve Nash,36.0,0.181,2780.0,0.14,2484.0,0.178,2660.0,0.153,2497.0,0.146600494647
247,Chauncey Billups,26.0,0.023,305.0,0.098,1790.0,0.156,2355.0,0.204,2327.0,0.130523747957
249,Steve Blake,26.0,0.026,1392.0,0.02,648.0,0.076,1781.0,0.045,2225.0,0.087638160036
250,Kevin Garnett,34.0,0.265,2328.0,0.193,1772.0,0.171,2060.0,0.194,2220.0,0.151552615158
251,Stephon Marbury,24.0,0.134,1895.0,0.123,2881.0,0.147,2557.0,0.107,3187.0,0.131654776739
255,Eddie House,25.0,0.035,550.0,0.036,1230.0,0.032,1025.0,0.027,1188.0,0.0759030979365
256,P.J. Brown,31.0,0.152,2362.0,0.153,1611.0,0.143,2302.0,0.137,2811.0,0.131314582053
258,Rick Fox,28.0,0.128,1039.0,0.095,2588.0,0.094,2650.0,0.093,2709.0,0.099817319557
260,Ronald Murray,30.0,0.042,1477.0,0.024,874.0,0.076,1975.0,0.051,1673.0,0.0852696103645
261,Jason Thompson,27.0,0.079,1748.0,0.114,1657.0,0.075,2285.0,0.064,2007.0,0.0940071527464
262,Raymond Felton,27.0,0.066,3086.0,0.118,2643.0,0.094,2737.0,0.042,1906.0,0.102912428204
263,Ben Gordon,29.0,0.059,1730.0,0.037,2131.0,0.058,1398.0,-0.018,1560.0,0.0763297754594
264,Chris Carr,25.0,0.096,830.0,0.046,1165.0,0.026,445.0,-0.012,1166.0,0.0867616094524
265,Kendall Gill,34.0,0.076,2355.0,-0.021,892.0,0.023,1410.0,0.043,2068.0,0.0628921712122
266,Carmelo Anthony,30.0,0.16,1876.0,0.184,2482.0,0.172,2982.0,0.097,1428.0,0.153716024215
267,Morris Peterson,29.0,0.11,2148.0,0.098,2510.0,0.09,3140.0,0.091,1515.0,0.0975833419736
268,Randy Foye,28.0,0.059,2494.0,0.064,1667.0,0.051,1551.0,0.092,1682.0,0.0791923296976
269,Francisco Garcia,31.0,0.081,575.0,0.104,1386.0,0.048,798.0,0.059,1029.0,0.0928719337364
270,Tim Duncan,26.0,0.218,2875.0,0.2,3174.0,0.257,3329.0,0.248,3181.0,0.205137113902
271,Othella Harrington,29.0,0.054,2677.0,0.067,1815.0,0.092,1563.0,0.098,1850.0,0.093662224402
272,Eddie Jones,28.0,0.154,2998.0,0.166,2910.0,0.153,1881.0,0.172,2807.0,0.140302868597
274,J.R. Smith,27.0,0.062,2082.0,0.121,1968.0,0.122,967.0,0.12,2678.0,0.114049714025
276,Carlos Boozer,33.0,0.187,1948.0,0.108,2546.0,0.076,2141.0,0.062,1692.0,0.0963867214921
277,Kendall Gill,31.0,0.132,3199.0,0.104,2733.0,0.076,1606.0,0.076,2355.0,0.097523184979
278,Amar'e Stoudemire,24.0,0.105,2025.0,0.243,2889.0,0.085,50.0,0.201,2689.0,0.160571805853
280,Al Horford,28.0,0.18,348.0,0.153,2756.0,0.141,958.0,0.179,2318.0,0.129946408288
281,Vin Baker,30.0,0.016,1162.0,0.059,2849.0,0.04,2129.0,0.061,1710.0,0.0685547457022
282,Juwan Howard,32.0,0.106,2730.0,0.059,2877.0,0.094,1624.0,0.069,2537.0,0.0912408075095
286,Shareef Abdur-Rahim,23.0,0.049,2802.0,0.113,2950.0,0.108,2021.0,0.132,3223.0,0.109914711749
287,Shaquille O'Neal*,37.0,0.119,1135.0,0.078,1748.0,0.166,2252.0,0.119,1240.0,0.128598768969
288,J.J. Hickson,26.0,0.066,1244.0,0.142,2323.0,0.086,1859.0,0.062,1411.0,0.107098399267
290,Marcus Morris,25.0,-0.083,126.0,0.058,1524.0,0.111,1800.0,0.093,2045.0,0.103596934325
291,Andres Nocioni,28.0,0.062,1892.0,0.144,2239.0,0.139,1406.0,0.077,2021.0,0.125210760631
292,J.R. Smith,25.0,0.126,1421.0,0.124,2245.0,0.062,2082.0,0.121,1968.0,0.0938501548883
293,David West,32.0,0.122,2949.0,0.152,2451.0,0.147,1925.0,0.179,2435.0,0.132016151513
294,Jason Richardson,29.0,0.085,1675.0,0.113,3149.0,0.116,2410.0,0.128,2485.0,0.11244275724
295,Mikki Moore,32.0,0.106,1178.0,0.006,583.0,0.131,2082.0,0.092,2385.0,0.113278479276
297,Samuel Dalembert,25.0,0.151,2197.0,0.104,1785.0,0.097,1761.0,0.117,2535.0,0.106400660045
299,Derrick Coleman,32.0,0.076,2102.0,0.1,2135.0,0.081,1178.0,0.133,2347.0,0.0974212007431
304,Earl Watson,27.0,0.052,1669.0,0.062,1808.0,0.081,1578.0,0.044,2152.0,0.0898784050091
305,Clifford Robinson,36.0,0.162,2839.0,0.095,2751.0,0.073,2855.0,0.075,2825.0,0.0897703279112
306,Francisco Elson,30.0,0.097,875.0,0.081,939.0,0.087,1579.0,0.111,1332.0,0.0971163528424
308,Sean Rooks,30.0,0.115,735.0,0.13,425.0,0.052,315.0,0.051,1001.0,0.103384940127
309,Joe Johnson,27.0,0.086,3340.0,0.105,2359.0,0.1,3343.0,0.116,3124.0,0.103560815933
310,Eric Williams,32.0,0.061,1747.0,0.123,2350.0,0.079,1886.0,0.075,1322.0,0.0985125908946
311,Jake Voskuhl,29.0,0.097,1606.0,0.075,360.0,0.061,818.0,0.077,1043.0,0.0938450377058
312,Grant Long,35.0,0.17,1380.0,0.073,920.0,0.078,1507.0,0.004,1868.0,0.0937790610281
316,Hubert Davis,28.0,0.151,1773.0,0.01,623.0,0.068,2378.0,0.057,1378.0,0.0837790134719
317,David Robinson*,33.0,0.29,3019.0,0.227,147.0,0.269,2457.0,0.261,1554.0,0.202124010723
319,Mike Miller,23.0,0.106,2390.0,0.101,2123.0,0.087,2186.0,0.107,1770.0,0.100341202667
321,Gerald Wallace,31.0,0.111,2693.0,0.112,2076.0,0.072,2076.0,0.043,1416.0,0.0938963532961
322,James Harden,23.0,0.124,1738.0,0.156,2189.0,0.23,1946.0,0.206,2985.0,0.170398654894
323,Luis Scola,34.0,0.08,2067.0,0.096,2184.0,0.084,1399.0,0.126,1659.0,0.09643455812
325,DeMarcus Cousins,24.0,0.104,1950.0,0.092,2289.0,0.166,2298.0,0.144,2013.0,0.133147975488
326,Ira Newble,30.0,0.089,1273.0,0.081,1931.0,0.004,1245.0,0.05,1832.0,0.0704308724481
328,Antonio Davis,31.0,0.106,2335.0,0.162,2191.0,0.151,1271.0,0.118,2479.0,0.132524300187
329,Marcin Gortat,28.0,0.151,1088.0,0.152,2032.0,0.172,2114.0,0.086,1876.0,0.144417901247
330,Peja Stojakovic,30.0,0.137,2534.0,0.147,2601.0,0.1,425.0,0.144,2711.0,0.120649725667
331,Travis Outlaw,23.0,0.085,793.0,0.039,1153.0,0.072,1532.0,0.071,2186.0,0.0879190667778
332,Shandon Anderson,30.0,0.078,2396.0,0.013,1596.0,0.074,1731.0,0.042,1974.0,0.0799224362039
333,Jason Smith,28.0,0.11,947.0,0.095,876.0,0.054,830.0,0.032,1785.0,0.0932792830872
335,Kevin Durant,23.0,0.132,2885.0,0.238,3239.0,0.189,3038.0,0.23,2546.0,0.177892983804
337,Theo Ratliff,27.0,0.132,2447.0,0.159,1627.0,0.149,1795.0,0.138,1800.0,0.134055319844
339,Brendan Haywood,26.0,0.125,1930.0,0.123,1484.0,0.134,1865.0,0.099,1879.0,0.123056718613
340,C.J. Watson,29.0,0.093,1091.0,0.109,1159.0,0.12,1521.0,0.13,1193.0,0.113084858782
341,Terry Dehere,26.0,0.013,1774.0,0.119,2018.0,0.056,1053.0,0.035,1410.0,0.0950502700755
343,Avery Johnson,34.0,0.066,2472.0,0.12,2674.0,0.111,1672.0,0.117,2571.0,0.109754541552
344,Ty Lawson,25.0,0.135,1318.0,0.153,2103.0,0.157,2124.0,0.141,2513.0,0.139666429057
345,Jeff Teague,26.0,0.131,2183.0,0.111,2628.0,0.098,2542.0,0.166,2228.0,0.106073908242
346,Mike Conley,24.0,0.086,2508.0,0.074,2569.0,0.111,2872.0,0.141,2174.0,0.105016803097
347,Sherman Douglas,31.0,0.099,2048.0,0.068,2335.0,0.095,2316.0,0.112,1699.0,0.0948490516147
348,Jim McIlvaine,27.0,0.098,1477.0,0.075,1211.0,0.053,269.0,0.068,1048.0,0.0978380392611
349,Stanislav Medvedenko,24.0,0.126,39.0,0.118,729.0,0.032,620.0,0.101,1442.0,0.0949480577265
350,Tyson Chandler,32.0,0.22,2061.0,0.207,2164.0,0.143,1662.0,0.216,2286.0,0.14292798392
352,Glen Davis,26.0,0.108,1637.0,0.084,933.0,0.102,2298.0,0.057,1427.0,0.104602760792
353,Shelden Williams,28.0,0.048,512.0,0.162,597.0,0.102,911.0,0.078,1276.0,0.110983744101
356,Donyell Marshall,24.0,0.007,2086.0,0.065,934.0,0.059,1022.0,0.078,2611.0,0.0868766919924
357,Mike James,33.0,0.125,2925.0,0.065,2069.0,0.023,720.0,-0.004,1649.0,0.0820675216762
360,Calbert Cheaney,27.0,0.065,2324.0,0.077,2411.0,0.069,2841.0,0.016,1266.0,0.0836453054484
361,Lou Williams,28.0,0.174,1682.0,0.103,1119.0,0.087,1445.0,0.157,2016.0,0.102300209834
363,Johnny Newman,36.0,0.065,2060.0,0.06,2176.0,0.059,949.0,0.095,1763.0,0.0828060612699
364,Anfernee Hardaway,28.0,0.175,2221.0,0.085,625.0,0.122,1944.0,0.165,2253.0,0.116090863635
365,Willie Green,31.0,0.067,1553.0,0.052,1674.0,0.122,922.0,0.103,1188.0,0.0999928947956
366,Dickey Simpkins,27.0,0.006,395.0,0.068,433.0,0.095,1448.0,-0.021,1651.0,0.101246325054
368,Voshon Lenard,28.0,0.073,190.0,0.1,1434.0,0.072,2331.0,0.049,1665.0,0.0901813393982
370,Brandon Bass,26.0,0.124,1574.0,0.147,648.0,0.153,1980.0,0.122,1868.0,0.133767233301
371,Shane Battier,34.0,0.095,2168.0,0.103,2375.0,0.104,1499.0,0.119,1786.0,0.10463566831
372,J.J. Hickson,25.0,0.032,2256.0,0.066,1244.0,0.142,2323.0,0.086,1859.0,0.11963414649
373,Pau Gasol,28.0,0.184,3135.0,0.155,2133.0,0.172,2351.0,0.223,2999.0,0.147624415513
374,P.J. Brown,37.0,0.142,2753.0,0.118,2817.0,0.088,2380.0,0.075,1456.0,0.101384331612
378,Steve Nash,31.0,0.206,2711.0,0.162,2612.0,0.203,2573.0,0.212,2796.0,0.163644861094
379,Juwan Howard,36.0,0.11,2123.0,0.016,353.0,0.067,472.0,0.077,1632.0,0.0953676047328
380,Al Harrington,22.0,0.057,854.0,0.031,1892.0,0.094,1313.0,0.075,2467.0,0.0907562353842
383,Andre Iguodala,26.0,0.12,3062.0,0.143,3242.0,0.134,3269.0,0.101,3193.0,0.129601067187
385,Josh Smith,27.0,0.155,2871.0,0.116,2645.0,0.139,2329.0,0.075,2683.0,0.125443320118
386,Jamal Crawford,26.0,0.069,2811.0,0.075,2688.0,0.084,2555.0,0.069,2198.0,0.0909560324638
390,Danny Granger,26.0,0.111,2785.0,0.122,2876.0,0.158,2424.0,0.131,2278.0,0.134048811681
391,Paul George,23.0,0.091,1265.0,0.148,1958.0,0.145,2972.0,0.178,2898.0,0.135781693574
393,Jim McIlvaine,25.0,0.074,534.0,0.074,1195.0,0.098,1477.0,0.075,1211.0,0.101631595448
394,Walt Williams,32.0,0.114,1859.0,0.09,1583.0,0.073,1117.0,0.103,1161.0,0.0948089985252
395,Ryan Gomes,27.0,0.089,2275.0,0.096,2434.0,0.046,2614.0,0.052,2210.0,0.0775503298855
397,Byron Mullens,23.0,-0.077,54.0,-0.113,85.0,0.007,1465.0,0.005,1428.0,0.0640036880083
399,Jeff Hornacek,36.0,0.19,2592.0,0.186,2460.0,0.176,1435.0,0.147,2133.0,0.148679406005
400,Zaza Pachulia,25.0,0.114,2026.0,0.054,944.0,0.127,1473.0,0.121,1089.0,0.11217814902
404,D.J. White,25.0,0.157,130.0,0.276,102.0,0.128,685.0,0.034,1098.0,0.118772657781
405,John Salmons,33.0,0.121,2824.0,0.081,2554.0,0.014,1250.0,0.034,2278.0,0.075102134365
407,Brandon Bass,28.0,0.153,1980.0,0.122,1868.0,0.101,2239.0,0.107,2266.0,0.108830468694
409,George McCloud,32.0,0.102,1493.0,0.096,1213.0,0.127,1245.0,0.086,2118.0,0.112565982271
410,Reggie Evans,28.0,0.072,1393.0,0.096,1127.0,0.068,1879.0,0.079,1137.0,0.0892943071033
414,Speedy Claxton,27.0,0.125,471.0,0.127,1595.0,0.096,1866.0,0.072,2019.0,0.107057903213
416,Robert Horry,27.0,0.097,2074.0,0.089,2634.0,0.098,1395.0,0.144,2192.0,0.101110193544
417,Shane Battier,26.0,0.074,3097.0,0.126,2383.0,0.145,1947.0,0.149,2516.0,0.12622011249
418,Tyrus Thomas,23.0,0.11,966.0,0.088,1330.0,0.101,2175.0,0.103,1220.0,0.105179110941
419,Delonte West,28.0,0.142,2152.0,0.106,1500.0,0.093,453.0,0.098,1060.0,0.107994739817
421,Brevin Knight,31.0,0.078,1037.0,0.11,1944.0,0.101,2351.0,0.07,1273.0,0.104708792541
423,Chucky Atkins,31.0,0.053,1398.0,0.085,1544.0,0.074,2903.0,0.1,1713.0,0.0866003632533
424,Shareef Abdur-Rahim,27.0,0.126,3241.0,0.116,2980.0,0.151,3087.0,0.145,2684.0,0.131888646381
425,Pooh Richardson,31.0,0.036,2864.0,0.091,2013.0,0.043,1065.0,0.006,1252.0,0.0839177545454
426,Taj Gibson,29.0,0.167,1284.0,0.109,1459.0,0.117,2351.0,0.137,1692.0,0.113864411559
429,Ray Allen,33.0,0.15,3022.0,0.136,2219.0,0.177,2624.0,0.186,2876.0,0.145397350737
430,LeBron James,27.0,0.318,3054.0,0.299,2966.0,0.244,3063.0,0.298,2326.0,0.218100435773
431,Brad Miller,30.0,0.184,2621.0,0.198,2089.0,0.15,2923.0,0.072,1783.0,0.144536775521
432,Brad Miller,26.0,0.192,961.0,0.114,1434.0,0.176,2263.0,0.202,2270.0,0.14374142295
433,Ronny Turiaf,26.0,0.115,161.0,0.137,1087.0,0.137,1458.0,0.101,1696.0,0.124441891128
436,Russell Westbrook,23.0,0.035,2668.0,0.105,2813.0,0.159,2847.0,0.163,2331.0,0.132457057626
437,Mickael Pietrus,24.0,0.095,748.0,0.075,1340.0,0.024,1179.0,0.088,1937.0,0.0779049139346
439,Tyler Hansbrough,29.0,0.129,1442.0,0.154,1366.0,0.149,978.0,0.156,1058.0,0.128030844101
441,Kyle Korver,26.0,0.119,2667.0,0.086,2563.0,0.097,2288.0,0.116,1732.0,0.100785659711
442,Mookie Blaylock,30.0,0.147,3069.0,0.149,2893.0,0.197,3056.0,0.099,2700.0,0.159825221351
443,Brian Cardinal,27.0,0.201,43.0,0.051,15.0,0.212,1634.0,0.116,1433.0,0.157788888373
444,Chauncey Billups,34.0,0.257,2522.0,0.174,2789.0,0.182,2490.0,0.166,2310.0,0.156735172689
445,Rasheed Wallace,26.0,0.125,2896.0,0.169,1414.0,0.156,2845.0,0.18,2940.0,0.141636613132
446,Gary Payton*,33.0,0.172,2008.0,0.195,3425.0,0.16,3244.0,0.183,3301.0,0.151958571949
447,Shareef Abdur-Rahim,26.0,0.132,3223.0,0.126,3241.0,0.116,2980.0,0.151,3087.0,0.117710234359
449,Gary Trent,29.0,0.057,319.0,0.125,1140.0,0.128,1222.0,0.106,1025.0,0.117421663328
450,Michael Olowokandi,29.0,0.029,2568.0,-0.006,1369.0,0.061,925.0,0.048,1215.0,0.0745578811443
451,Devin Harris,29.0,0.057,2221.0,0.089,2254.0,0.115,1741.0,0.111,1421.0,0.105764790494
452,Michael Redd,26.0,0.167,2316.0,0.154,3021.0,0.105,2848.0,0.166,3130.0,0.118893682509
453,Arvydas Sabonis*,36.0,0.2,2333.0,0.207,1349.0,0.203,1688.0,0.138,1299.0,0.15982609281
456,Trevor Ariza,29.0,0.078,1350.0,0.102,1471.0,0.141,2723.0,0.108,2930.0,0.124159620297
457,Jason Williams,31.0,0.122,2115.0,0.106,1952.0,0.124,1874.0,0.11,1865.0,0.114461362458
459,Shaun Livingston,26.0,0.074,231.0,0.07,796.0,0.073,1261.0,0.055,1092.0,0.0932877292778
460,Darrell Armstrong,30.0,0.158,41.0,0.085,1010.0,0.096,1236.0,0.205,1502.0,0.101653222045
461,Reggie Miller*,34.0,0.2,2966.0,0.206,2795.0,0.172,1787.0,0.162,2987.0,0.155665944405
462,Rudy Gay,28.0,0.12,2422.0,0.072,2687.0,0.091,2531.0,0.122,2408.0,0.0942945703547
463,Terry Porter,35.0,0.085,2072.0,0.082,1568.0,0.139,1786.0,0.178,1365.0,0.115085032083
465,A.C. Green,37.0,0.095,2649.0,0.074,924.0,0.124,1929.0,0.11,1411.0,0.110329352692
467,Charles Oakley,34.0,0.138,1567.0,0.15,1775.0,0.149,2873.0,0.122,2734.0,0.134101906594
469,Mark Jackson,32.0,0.09,2402.0,0.13,2643.0,0.097,3054.0,0.15,2413.0,0.105677781344
470,Tyrone Hill,29.0,0.138,2397.0,0.101,929.0,0.184,2582.0,0.113,2064.0,0.148008038258
471,J.R. Smith,22.0,0.006,1859.0,0.06,989.0,0.12,1471.0,0.126,1421.0,0.107721132824
473,Anthony Tolliver,29.0,0.049,882.0,0.059,963.0,0.117,1298.0,0.092,1432.0,0.105625877643
474,Dirk Nowitzki,31.0,0.278,2820.0,0.223,2769.0,0.171,3050.0,0.194,3039.0,0.164222708923
476,Andrew Bynum,22.0,0.112,1793.0,0.23,1008.0,0.184,1446.0,0.188,1977.0,0.154247162993
479,Rasual Butler,26.0,0.002,1514.0,0.113,675.0,0.068,1203.0,0.045,1875.0,0.0931889751773
481,Malik Rose,26.0,0.044,429.0,0.204,608.0,0.12,1341.0,0.131,1219.0,0.120881987765
482,Ramon Sessions,26.0,0.031,1732.0,0.099,2133.0,0.104,1707.0,0.084,1652.0,0.104448596797
483,Nicolas Batum,25.0,0.126,2522.0,0.127,1791.0,0.099,2807.0,0.128,2956.0,0.10839213924
486,Josh McRoberts,25.0,0.134,524.0,0.147,1597.0,0.095,718.0,0.072,1487.0,0.115617745594
487,Kyle Korver,30.0,0.095,1874.0,0.13,952.0,0.149,1649.0,0.172,1469.0,0.126784665675
488,Steven Hunter,23.0,0.094,516.0,0.099,447.0,0.034,789.0,0.121,1046.0,0.0899372159141
492,Jerryd Bayless,26.0,0.139,705.0,0.108,1765.0,0.069,1686.0,0.066,1717.0,0.094682233734
496,Kendrick Perkins,25.0,0.042,1576.0,0.156,1912.0,0.119,2253.0,0.117,2154.0,0.121234929634
499,Nene Hilario,32.0,0.117,1110.0,0.116,1659.0,0.098,1560.0,0.086,1693.0,0.105674981243
500,Roy Hibbert,28.0,0.154,1937.0,0.129,2269.0,0.108,2409.0,0.105,1926.0,0.113367388884
502,Matt Barnes,28.0,0.075,631.0,0.099,1813.0,0.077,1414.0,0.069,2082.0,0.0960908448169
504,Steve Nash,27.0,0.037,1269.0,0.094,1532.0,0.169,2387.0,0.167,2837.0,0.135495128792
505,Derek Fisher,33.0,0.08,2222.0,0.107,2589.0,0.083,2287.0,0.121,2249.0,0.0960668088262
507,Andrea Bargnani,24.0,0.057,1629.0,0.036,1861.0,0.076,2453.0,0.072,2799.0,0.083208974393
508,Jalen Rose,29.0,0.069,1238.0,0.118,2978.0,0.119,2943.0,0.087,3153.0,0.115084640738
509,Fred Jones,29.0,0.069,1837.0,0.044,1319.0,0.061,1757.0,0.052,1495.0,0.0802169929868
510,Arvydas Sabonis*,35.0,0.205,1762.0,0.2,2333.0,0.207,1349.0,0.203,1688.0,0.16065245829
511,Jalen Rose,25.0,0.103,1798.0,0.065,2134.0,0.086,1188.0,0.092,1706.0,0.0940320634145
512,Donyell Marshall,25.0,0.065,934.0,0.059,1022.0,0.078,2611.0,0.117,1250.0,0.0892898922144
514,Voshon Lenard,27.0,0.129,2621.0,0.073,190.0,0.1,1434.0,0.072,2331.0,0.10635407103
515,LaPhonso Ellis,29.0,0.087,2002.0,0.025,2575.0,0.074,539.0,0.07,1309.0,0.0784912282518
516,Carlos Boozer,24.0,0.139,2049.0,0.174,2592.0,0.111,1772.0,0.162,1025.0,0.127172274825
517,Marreese Speights,25.0,0.101,1016.0,0.11,734.0,0.096,1345.0,0.104,1300.0,0.105720063854
518,Tom Hammonds,30.0,0.129,956.0,0.081,1045.0,0.046,1758.0,0.102,1140.0,0.0795811674452
519,DeMar DeRozan,25.0,0.054,2206.0,0.075,3013.0,0.141,3017.0,0.09,2100.0,0.118017207685
520,Robert Horry,31.0,0.109,744.0,0.161,1685.0,0.078,1587.0,0.154,2140.0,0.1056043555
521,Drew Gooden,27.0,0.145,2174.0,0.139,2238.0,0.074,2122.0,0.102,1264.0,0.101489171615
522,Dana Barros,32.0,0.065,708.0,0.16,1686.0,0.139,1156.0,0.103,1139.0,0.12640556121
523,Sebastian Telfair,23.0,0.017,1641.0,0.015,1578.0,0.018,1933.0,0.019,2095.0,0.0563875354608
524,Elden Campbell,32.0,0.126,1784.0,0.14,1459.0,0.105,2538.0,0.131,2337.0,0.11042578372
526,Carlos Boozer,30.0,0.105,1197.0,0.178,2673.0,0.149,1882.0,0.187,1948.0,0.139305802433
529,Ryan Gomes,28.0,0.096,2434.0,0.046,2614.0,0.052,2210.0,0.057,2095.0,0.0724611260817
530,Jamal Crawford,27.0,0.075,2688.0,0.084,2555.0,0.069,2198.0,0.076,3190.0,0.0869598522661
532,Jerry Stackhouse,26.0,0.089,2545.0,0.076,1188.0,0.111,3148.0,0.137,3215.0,0.107787494835
533,Dante Cunningham,25.0,0.129,707.0,0.06,1637.0,0.147,1124.0,0.084,2010.0,0.113550833203
534,Jason Kidd,34.0,0.143,2435.0,0.163,2975.0,0.152,2933.0,0.097,2906.0,0.139449118427
536,Earl Watson,25.0,0.076,964.0,0.08,1366.0,0.052,1669.0,0.062,1808.0,0.0831249415711
537,Jeff McInnis,27.0,0.019,427.0,0.027,597.0,0.117,2831.0,0.081,3030.0,0.109714521821
540,Damon Stoudamire,31.0,0.113,2796.0,0.059,1315.0,0.091,3118.0,0.099,2762.0,0.0942489883407
542,Caron Butler,31.0,0.083,2585.0,0.061,2783.0,0.067,867.0,0.059,1871.0,0.0852256868771
543,Monty Williams,28.0,0.042,1345.0,0.086,1314.0,-0.341,6.0,0.099,1501.0,0.101217284563
544,Brad Miller,31.0,0.198,2089.0,0.15,2923.0,0.072,1783.0,0.125,2513.0,0.107731277449
545,Vinny Del Negro,32.0,0.144,2766.0,0.066,2243.0,0.104,1721.0,0.07,1093.0,0.0995340811452
549,Tony Parker,22.0,0.08,2267.0,0.134,2774.0,0.14,2577.0,0.141,2735.0,0.13044764448
550,Tyrone Hill,30.0,0.101,929.0,0.184,2582.0,0.113,2064.0,0.095,1104.0,0.126078025835
551,Richard Hamilton,26.0,0.087,2203.0,0.132,2640.0,0.141,2772.0,0.121,2926.0,0.129073536727
553,Jrue Holiday,24.0,0.092,2196.0,0.055,2926.0,0.064,1143.0,0.124,1303.0,0.0834013782546
554,Sasha Pavlovic,24.0,0.046,862.0,0.03,813.0,0.098,1534.0,0.006,1188.0,0.0986006985709
555,Gerald Wallace,30.0,0.177,3119.0,0.111,2693.0,0.112,2076.0,0.072,2076.0,0.113016418379
556,Kyle Lowry,24.0,0.078,2089.0,0.103,1679.0,0.126,1651.0,0.13,2563.0,0.115675601193
557,Eddie Jones,33.0,0.16,3156.0,0.162,1789.0,0.146,2998.0,0.135,2839.0,0.135448366959
558,Robin Lopez,26.0,0.115,895.0,0.126,2136.0,0.176,2603.0,0.15,1638.0,0.145413685191
559,Vitaly Potapenko,26.0,0.076,1394.0,0.066,1797.0,0.087,1901.0,0.111,1343.0,0.0934209070398
560,John Salmons,27.0,0.064,1603.0,0.066,993.0,0.04,2059.0,0.081,2135.0,0.0726866689042
561,Antonio Davis,29.0,0.095,1030.0,0.137,2092.0,0.106,2335.0,0.162,2191.0,0.112208910996
562,Daniel Gibson,23.0,0.098,988.0,0.111,1765.0,0.101,1795.0,0.117,1068.0,0.108397370349
564,Russell Westbrook,26.0,0.163,2331.0,0.195,2861.0,0.178,1412.0,0.222,2302.0,0.155346439929
565,Craig Smith,26.0,0.121,1537.0,0.109,1547.0,0.104,1460.0,0.117,1232.0,0.108712100397
567,Jalen Rose,32.0,0.087,3153.0,0.052,3351.0,0.029,2497.0,0.085,2710.0,0.0612680719179
568,Will Bynum,30.0,0.054,1667.0,0.066,1125.0,-0.022,514.0,0.067,1219.0,0.0777267928701
569,Jason Richardson,25.0,0.066,2698.0,0.085,2936.0,0.1,2724.0,0.122,2877.0,0.100226064304
571,Kobe Bryant,22.0,0.147,2056.0,0.13,1896.0,0.202,2524.0,0.196,2783.0,0.161220929541
572,Brendan Haywood,33.0,0.137,2355.0,0.104,1331.0,0.114,1146.0,0.006,1162.0,0.110209480907
573,Kurt Thomas,30.0,0.127,1971.0,0.185,2125.0,0.112,2771.0,0.1,2577.0,0.122424100592
578,Raef LaFrentz,26.0,0.116,2435.0,0.132,2457.0,0.125,2455.0,0.173,1611.0,0.121796369906
579,Antonio Daniels,32.0,0.16,2026.0,0.111,2283.0,0.116,1761.0,0.099,2161.0,0.112820624539
583,Jeremy Lin,25.0,0.078,285.0,0.14,940.0,0.099,2640.0,0.103,2054.0,0.107529661795
585,Joe Johnson,33.0,0.145,2127.0,0.092,2642.0,0.091,2575.0,0.07,2791.0,0.0977112198096
587,Rashard Lewis,23.0,0.125,1575.0,0.142,2720.0,0.16,2585.0,0.122,3044.0,0.14200979434
589,Mike Dunleavy,29.0,0.095,2580.0,0.138,2953.0,0.048,495.0,0.075,1486.0,0.109908585284
591,Earl Boykins,29.0,0.127,1321.0,0.105,1849.0,0.133,2162.0,0.09,1542.0,0.119352790768
594,Caron Butler,29.0,0.103,2474.0,0.15,2314.0,0.083,2585.0,0.061,2783.0,0.10384688037
595,Tim Duncan,31.0,0.245,2203.0,0.187,2784.0,0.23,2726.0,0.201,2651.0,0.182559819594
597,Raja Bell,34.0,0.082,2646.0,0.074,2315.0,0.131,180.0,0.04,2097.0,0.0975575035309
598,Clifford Robinson,34.0,0.144,2359.0,0.146,1740.0,0.162,2839.0,0.095,2751.0,0.140184700729
600,Bruce Bowen,31.0,0.064,878.0,0.075,2685.0,0.054,1699.0,0.096,2566.0,0.0806283682476
601,Ronny Turiaf,28.0,0.137,1458.0,0.101,1696.0,0.078,872.0,0.134,1141.0,0.100938021223
602,Kris Humphries,25.0,0.096,925.0,0.125,265.0,0.074,1221.0,0.125,2061.0,0.0978195780665
604,Ronnie Brewer,26.0,0.126,2605.0,0.103,1742.0,0.147,1781.0,0.113,1635.0,0.124866524624
605,Adonal Foyle,26.0,0.087,614.0,0.055,1654.0,0.022,1457.0,0.039,1485.0,0.0693667937476
606,James Posey,32.0,0.104,1914.0,0.13,1919.0,0.164,1821.0,0.095,2140.0,0.133401662805
607,Brian Grant,32.0,0.103,2256.0,0.139,2641.0,0.101,2303.0,0.068,1136.0,0.110842824409
609,Jermaine O'Neal,26.0,0.113,2707.0,0.177,2864.0,0.155,2788.0,0.118,1530.0,0.145139179554
612,Eddie Jones,29.0,0.166,2910.0,0.153,1881.0,0.172,2807.0,0.166,2282.0,0.148192831814
613,Maurice Evans,32.0,0.135,1720.0,0.099,1840.0,0.114,1317.0,0.054,1549.0,0.108931466347
614,Gary Payton*,34.0,0.195,3425.0,0.16,3244.0,0.183,3301.0,0.136,3208.0,0.156503460857
615,Antawn Jamison,31.0,0.1,2605.0,0.119,3288.0,0.123,2662.0,0.144,3061.0,0.116661488961
616,Lindsey Hunter,27.0,-0.015,944.0,0.089,2138.0,0.101,3023.0,0.077,2505.0,0.101197834546
617,Darius Miles,23.0,0.074,2227.0,-0.032,2008.0,0.083,2079.0,0.036,1699.0,0.0750740378116
618,Doug Christie,29.0,0.107,3127.0,0.066,2939.0,0.113,1768.0,0.108,2264.0,0.100091722249
619,Antawn Jamison,32.0,0.119,3288.0,0.123,2662.0,0.144,3061.0,0.126,3096.0,0.128133352503
620,Ben Gordon,26.0,0.152,2704.0,0.106,2291.0,0.11,2999.0,0.059,1730.0,0.111397915203
623,Bonzi Wells,28.0,0.122,2348.0,0.08,2396.0,0.023,1872.0,0.1,1489.0,0.0709157806293
626,Joe Johnson,25.0,0.047,3331.0,0.112,3240.0,0.086,3340.0,0.105,2359.0,0.0976479850284
628,Paul Pierce,35.0,0.165,2411.0,0.201,2774.0,0.161,2075.0,0.135,2575.0,0.149388973962
629,Vladimir Stepania,26.0,-0.08,202.0,0.035,280.0,0.094,884.0,0.089,1594.0,0.101904779714
631,Milt Palacio,27.0,0.004,1976.0,-0.02,1211.0,0.054,1533.0,0.008,1376.0,0.0694780703012
632,Chase Budinger,26.0,0.111,1298.0,0.066,508.0,0.059,751.0,0.049,1286.0,0.0943627233612
634,Muggsy Bogues,35.0,0.127,1880.0,0.053,1570.0,0.117,714.0,0.102,1731.0,0.0995629224213
635,Bobby Jackson,32.0,0.157,1676.0,0.124,1185.0,0.126,536.0,0.095,1775.0,0.115721167274
638,Michael Smith,26.0,0.108,1384.0,0.102,2526.0,0.096,1053.0,0.099,1098.0,0.104996247578
639,Brandon Roy,26.0,0.138,2792.0,0.223,2903.0,0.18,2419.0,0.077,1310.0,0.165808587188
640,Jarvis Hayes,25.0,0.012,2044.0,0.051,1560.0,0.065,516.0,0.045,1626.0,0.0875135161072
641,Nicolas Batum,24.0,0.181,918.0,0.126,2522.0,0.127,1791.0,0.099,2807.0,0.122589871201
644,Michael Redd,25.0,0.155,1417.0,0.167,2316.0,0.154,3021.0,0.105,2848.0,0.143832066978
646,Manu Ginobili,36.0,0.195,2426.0,0.257,792.0,0.155,1393.0,0.176,1550.0,0.140621287775
647,Zaza Pachulia,28.0,0.121,1089.0,0.118,1244.0,0.147,1640.0,0.116,1134.0,0.125867882225
648,Matt Harpring,31.0,0.102,2584.0,0.115,1944.0,0.115,1965.0,0.096,1374.0,0.111827487396
650,Kobe Bryant,27.0,0.21,3401.0,0.21,2447.0,0.145,2689.0,0.224,3277.0,0.147950096901
652,Bobby Jackson,28.0,0.062,941.0,0.101,1034.0,0.091,1648.0,0.148,1750.0,0.100403349849
653,Kelvin Cato,28.0,0.128,1581.0,0.128,624.0,0.133,1917.0,0.145,1247.0,0.122057041499
654,Gary Trent,28.0,0.014,301.0,0.057,319.0,0.125,1140.0,0.128,1222.0,0.112460039967
657,Luc Mbah a Moute,26.0,0.122,1866.0,0.109,2093.0,0.112,1009.0,0.017,1326.0,0.11143673937
658,Melvin Ely,27.0,0.048,802.0,0.039,510.0,0.004,1649.0,0.072,1348.0,0.0592080065533
659,Aaron Williams,30.0,0.11,458.0,0.15,1545.0,0.107,2336.0,0.154,1546.0,0.1132406054
661,Metta World Peace,26.0,0.15,2317.0,0.141,2714.0,0.219,291.0,0.081,2207.0,0.131969350621
662,Steven Hunter,25.0,0.034,789.0,0.121,1046.0,0.09,1312.0,0.085,1605.0,0.104207979989
663,Ramon Sessions,25.0,0.123,2173.0,0.031,1732.0,0.099,2133.0,0.104,1707.0,0.0949810716243
665,Travis Best,26.0,0.057,571.0,0.096,2064.0,0.103,1547.0,0.097,1043.0,0.105000477628
666,Dwight Howard,22.0,0.131,2670.0,0.137,3021.0,0.154,3023.0,0.2,3088.0,0.140152915515
667,Chauncey Billups,31.0,0.202,2866.0,0.254,2925.0,0.216,2533.0,0.257,2522.0,0.187929857361
668,Quentin Richardson,25.0,0.036,1368.0,0.05,2338.0,0.098,2839.0,0.023,1442.0,0.0939673628969
669,Trevor Ariza,28.0,0.062,2600.0,0.078,1350.0,0.102,1471.0,0.141,2723.0,0.100648290842
670,Matt Maloney,29.0,0.047,2217.0,-0.083,186.0,0.028,1175.0,0.053,1403.0,0.0730044898254
671,Chris Bosh,30.0,0.165,2007.0,0.175,2454.0,0.152,2531.0,0.111,1556.0,0.14163417852
672,Rod Strickland,34.0,0.129,3020.0,0.12,1632.0,0.081,2188.0,0.076,1371.0,0.09797504193
673,Gerald Green,29.0,0.072,781.0,0.056,1080.0,0.126,2330.0,0.065,1446.0,0.112077992387
674,Richard Jefferson,31.0,0.109,2939.0,0.113,2520.0,0.115,2459.0,0.085,1748.0,0.111976288392
675,Leandro Barbosa,24.0,0.061,1500.0,0.081,1087.0,0.115,1592.0,0.151,2613.0,0.109166873682
676,Clifford Robinson,32.0,0.13,2980.0,0.103,3077.0,0.144,2359.0,0.146,1740.0,0.122119774333
678,Travis Outlaw,22.0,0.067,19.0,0.085,793.0,0.039,1153.0,0.072,1532.0,0.085045650607
679,Marcin Gortat,30.0,0.172,2114.0,0.086,1876.0,0.146,2655.0,0.168,2453.0,0.125107061877
680,Anderson Varejao,31.0,0.105,994.0,0.131,785.0,0.173,901.0,0.144,1800.0,0.12903976864
681,Vlade Divac,35.0,0.147,2420.0,0.145,2420.0,0.141,2384.0,0.11,2317.0,0.129239469471
683,Avery Bradley,23.0,-0.139,162.0,0.085,1368.0,0.012,1435.0,0.046,1855.0,0.0708115446869
684,Matt Barnes,34.0,0.142,1440.0,0.146,2058.0,0.097,1735.0,0.091,2271.0,0.110965186192
685,Udonis Haslem,28.0,0.134,2491.0,0.099,2483.0,0.067,1805.0,0.106,2560.0,0.0924432579894
688,Doug Christie,32.0,0.108,2264.0,0.141,2939.0,0.148,2798.0,0.157,2710.0,0.132650755983
690,Carlos Boozer,31.0,0.178,2673.0,0.149,1882.0,0.187,1948.0,0.108,2546.0,0.149205565295
693,Vin Baker,27.0,0.089,3319.0,0.127,3159.0,0.169,2944.0,0.016,1162.0,0.140667705243
694,Richard Hamilton,27.0,0.132,2640.0,0.141,2772.0,0.121,2926.0,0.13,2825.0,0.12207932705
695,Derek Fisher,30.0,0.134,1974.0,0.088,2829.0,0.066,1769.0,0.08,2222.0,0.0892228848115
696,Derek Fisher,31.0,0.088,2829.0,0.066,1769.0,0.08,2222.0,0.107,2589.0,0.0888673525078
697,Alonzo Mourning*,36.0,0.14,215.0,0.08,702.0,0.176,1302.0,0.107,1572.0,0.130038878355
698,Trenton Hassell,27.0,0.084,2264.0,0.063,2068.0,0.044,2514.0,0.056,2223.0,0.0712862181018
700,James Posey,29.0,0.104,2518.0,0.195,2451.0,0.079,1382.0,0.104,1914.0,0.119167751807
702,Jason Thompson,26.0,0.081,2357.0,0.079,1748.0,0.114,1657.0,0.075,2285.0,0.106169408392
704,Mo Williams,24.0,0.011,772.0,0.046,2254.0,0.079,1531.0,0.061,2472.0,0.0857490486236
707,Steve Novak,29.0,0.043,362.0,0.196,215.0,0.181,1020.0,0.116,1641.0,0.135642112599
708,Dahntay Jones,28.0,0.029,967.0,0.019,1671.0,0.096,206.0,0.067,1426.0,0.0849175952175
712,Steve Nash,37.0,0.14,2484.0,0.178,2660.0,0.153,2497.0,0.144,1961.0,0.140504890454
714,Calbert Cheaney,30.0,0.016,1266.0,0.029,1309.0,-0.035,153.0,0.037,1631.0,0.0817567844177
715,Jason Williams,29.0,0.02,2236.0,0.094,2407.0,0.122,2115.0,0.106,1952.0,0.109011122154
716,Andrew DeClercq,26.0,0.07,1065.0,0.108,1523.0,0.136,1102.0,0.077,1831.0,0.117508496382
717,Michael Finley,27.0,0.106,3394.0,0.126,2051.0,0.114,3464.0,0.119,3443.0,0.11452380753
718,DeJuan Blair,24.0,0.132,1734.0,0.142,1363.0,0.126,851.0,0.133,1214.0,0.121793469345
721,Donald Sloan,27.0,-0.024,669.0,0.017,263.0,0.039,392.0,0.085,1107.0,0.0921358434301
722,Darko Milicic,23.0,0.073,767.0,0.082,1913.0,0.006,1663.0,0.088,1034.0,0.0662527358506
723,LeBron James,24.0,0.232,3361.0,0.206,3190.0,0.242,3027.0,0.318,3054.0,0.198845801481
724,Nick Van Exel,30.0,0.058,1802.0,0.079,2950.0,0.114,2688.0,0.084,2496.0,0.103905912347
728,Jalen Rose,31.0,0.119,2943.0,0.087,3153.0,0.052,3351.0,0.029,2497.0,0.0763542677857
729,Jerome Williams,28.0,0.201,1154.0,0.174,2102.0,0.141,1182.0,0.147,1641.0,0.134602270899
731,Jason Collins,28.0,0.105,2220.0,0.073,2542.0,0.051,1895.0,0.015,1844.0,0.079434043391
734,Derek Fisher,28.0,0.083,1803.0,0.119,709.0,0.134,1974.0,0.088,2829.0,0.120889771175
735,Paul Pierce,26.0,0.16,3120.0,0.187,3302.0,0.157,3096.0,0.109,3099.0,0.150968043406
736,Fred Hoiberg,31.0,0.126,2247.0,0.092,1408.0,0.077,784.0,0.163,1804.0,0.0992288608734
738,Tony Parker,30.0,0.101,1728.0,0.156,2528.0,0.177,1923.0,0.206,2174.0,0.144799265183
739,J.J. Redick,26.0,0.091,276.0,0.098,1111.0,0.173,1808.0,0.142,1513.0,0.136932070649
741,Jason Kidd,38.0,0.141,2886.0,0.148,2881.0,0.116,2653.0,0.104,1379.0,0.118818431298
742,David Robinson*,35.0,0.269,2457.0,0.261,1554.0,0.238,2557.0,0.246,2371.0,0.192992932853
744,Doug Christie,28.0,0.065,1036.0,0.107,3127.0,0.066,2939.0,0.113,1768.0,0.0878716505501
745,Andrew Bogut,25.0,0.085,2258.0,0.085,2720.0,0.112,1124.0,0.161,2229.0,0.104231075989
746,Tyrone Corbin,36.0,0.093,1284.0,0.104,2305.0,0.098,2699.0,0.098,1066.0,0.101233102565
747,Ron Mercer,24.0,0.073,2662.0,0.039,1551.0,0.036,2377.0,0.035,2535.0,0.0660178713264
748,Stephon Marbury,25.0,0.123,2881.0,0.147,2557.0,0.107,3187.0,0.142,3240.0,0.116365640381
750,Brent Barry,35.0,0.151,1803.0,0.168,1742.0,0.162,1259.0,0.201,1631.0,0.136124609144
752,DeShawn Stevenson,22.0,-0.071,293.0,-0.01,1134.0,-0.009,760.0,0.029,2444.0,0.0633427880104
753,Dale Davis,31.0,0.158,2174.0,0.157,1374.0,0.161,2127.0,0.147,2162.0,0.139160699229
754,Amar'e Stoudemire,29.0,0.149,1948.0,0.181,2838.0,0.134,2870.0,0.128,1543.0,0.135611642168
755,Bonzi Wells,29.0,0.08,2396.0,0.023,1872.0,0.1,1489.0,0.096,1684.0,0.0895165123186
756,Carl Landry,29.0,0.15,2469.0,0.098,2008.0,0.139,999.0,0.159,1876.0,0.116216695248
757,Jared Dudley,26.0,0.114,1155.0,0.129,1991.0,0.126,2140.0,0.121,2020.0,0.121070813847
758,Dirk Nowitzki,33.0,0.171,3050.0,0.194,3039.0,0.213,2504.0,0.175,2079.0,0.172504376357
759,Jermaine O'Neal,24.0,0.117,859.0,0.116,2641.0,0.113,2707.0,0.177,2864.0,0.114346336128
761,Kirk Hinrich,33.0,0.068,2157.0,0.069,1237.0,0.085,1764.0,0.085,2116.0,0.0924480914568
762,Raef LaFrentz,29.0,0.173,1611.0,0.137,328.0,0.165,2196.0,0.101,2033.0,0.139972959009
763,Reggie Slater,27.0,0.081,236.0,-0.043,72.0,0.095,406.0,0.042,1662.0,0.105468167901
767,Willie Green,26.0,0.007,1066.0,-0.038,153.0,-0.018,1842.0,0.05,1970.0,0.0447776601624
769,Clarence Weatherspoon,29.0,0.081,2949.0,0.093,2325.0,0.184,1040.0,0.152,1615.0,0.123189581379
771,Nicolas Batum,26.0,0.127,1791.0,0.099,2807.0,0.128,2956.0,0.105,2380.0,0.117804524904
772,Courtney Lee,26.0,0.108,1939.0,0.063,2375.0,0.076,1723.0,0.087,1757.0,0.0883174471327
773,Rashard Lewis,24.0,0.142,2720.0,0.16,2585.0,0.122,3044.0,0.107,2931.0,0.127420415382
774,Glenn Robinson,31.0,0.114,2813.0,0.096,2346.0,0.055,2591.0,0.056,1336.0,0.0817833914803
776,George Hill,27.0,0.136,2148.0,0.152,1274.0,0.177,2620.0,0.154,2434.0,0.149478812773
777,Wally Szczerbiak,30.0,0.136,2558.0,0.141,2729.0,0.083,900.0,0.079,1736.0,0.113095705943
778,Maurice Taylor,29.0,0.03,1377.0,0.085,2081.0,0.02,1336.0,-0.021,1210.0,0.0739913665865
779,Dikembe Mutombo*,37.0,0.151,2591.0,0.158,2907.0,0.076,514.0,0.122,1494.0,0.120167450374
780,Andray Blatche,24.0,0.085,1675.0,0.039,1703.0,0.073,2256.0,0.053,2172.0,0.0837116178659
783,Manu Ginobili,31.0,0.234,1813.0,0.246,2060.0,0.232,2299.0,0.203,1181.0,0.188578299458
784,Michael Curry,35.0,0.055,1485.0,0.057,1912.0,0.06,1555.0,0.013,1229.0,0.0798534260819
787,Scottie Pippen*,33.0,0.209,2825.0,0.203,3095.0,0.193,1652.0,0.116,2011.0,0.163154516573
789,Kelvin Cato,27.0,0.144,545.0,0.128,1581.0,0.128,624.0,0.133,1917.0,0.117901982826
791,Kyle Korver,27.0,0.086,2563.0,0.097,2288.0,0.116,1732.0,0.095,1874.0,0.1090976426
792,Nene Hilario,30.0,0.188,2755.0,0.201,2291.0,0.117,1110.0,0.116,1659.0,0.135529470587
794,Tayshaun Prince,33.0,0.062,2562.0,0.048,2087.0,0.065,2631.0,0.038,1948.0,0.076679625134
795,Joe Johnson,23.0,0.075,1916.0,0.06,2255.0,0.047,3331.0,0.112,3240.0,0.0696734806422
796,Toni Kukoc,35.0,0.14,1597.0,0.063,1494.0,0.112,1704.0,0.096,1522.0,0.1032017554
797,Jason Collins,26.0,0.104,1407.0,0.119,1900.0,0.105,2220.0,0.073,2542.0,0.109857519423
799,Theo Ratliff,29.0,0.149,1795.0,0.138,1800.0,0.012,82.0,0.077,2518.0,0.115734159252
800,Darrell Armstrong,33.0,0.205,1502.0,0.149,2590.0,0.151,2767.0,0.134,2730.0,0.136815849773
801,Malik Allen,29.0,0.1,519.0,0.068,701.0,0.073,638.0,0.045,1096.0,0.0969341159097
803,Gary Payton*,29.0,0.187,3015.0,0.174,3162.0,0.193,3213.0,0.19,3145.0,0.165000812486
805,P.J. Brown,29.0,0.087,2942.0,0.139,2592.0,0.152,2362.0,0.153,1611.0,0.132533370393
807,Drew Gooden,28.0,0.139,2238.0,0.074,2122.0,0.102,1264.0,0.121,1755.0,0.1008920422
809,Ervin Johnson,33.0,0.136,2261.0,0.14,1027.0,0.111,2129.0,0.123,1981.0,0.112831292013
811,Corliss Williamson,25.0,-0.062,609.0,0.064,1992.0,0.076,2819.0,0.086,1374.0,0.0856748534529
813,John Stockton*,37.0,0.226,2896.0,0.206,1858.0,0.217,1410.0,0.222,2432.0,0.16488921491
814,Rik Smits,33.0,0.105,1518.0,0.141,2085.0,0.13,1271.0,0.099,1852.0,0.121225438754
815,Scott Padgett,26.0,0.013,432.0,0.158,127.0,0.13,1295.0,0.091,1321.0,0.118702546692
817,Bonzi Wells,27.0,0.143,1995.0,0.122,2348.0,0.08,2396.0,0.023,1872.0,0.0998888337981
818,Luke Ridnour,31.0,0.168,1759.0,0.089,2159.0,0.09,1750.0,0.084,2474.0,0.0991299411966
820,Rodney Stuckey,28.0,0.131,1644.0,0.055,2171.0,0.053,1950.0,0.103,1874.0,0.077156734358
821,Chauncey Billups,28.0,0.156,2355.0,0.204,2327.0,0.198,2758.0,0.202,2866.0,0.169053334395
822,Carmelo Anthony,22.0,0.098,2995.0,0.09,2608.0,0.153,2941.0,0.14,2486.0,0.129818011272
824,Mark Blount,29.0,0.081,415.0,0.059,1403.0,0.131,2402.0,0.063,2130.0,0.113797363342
827,Shandon Anderson,26.0,0.056,1066.0,0.127,1602.0,0.088,1072.0,0.087,2700.0,0.106357743846
829,Mike Conley,26.0,0.111,2872.0,0.141,2174.0,0.172,2757.0,0.161,2446.0,0.145865422773
830,Dikembe Mutombo*,38.0,0.158,2907.0,0.076,514.0,0.122,1494.0,0.186,1212.0,0.112801427249
831,Karl Malone*,39.0,0.249,2947.0,0.217,2895.0,0.155,3040.0,0.182,2936.0,0.152666517063
832,Brian Grant,29.0,0.185,1525.0,0.128,1322.0,0.151,2771.0,0.103,2256.0,0.134352902226
834,Kirk Hinrich,30.0,0.072,2380.0,0.092,1339.0,0.077,2481.0,0.068,2157.0,0.0902710616529
835,Speedy Claxton,28.0,0.127,1595.0,0.096,1866.0,0.072,2019.0,-0.034,1054.0,0.0919294054197
838,Gordan Giricek,29.0,0.056,2041.0,0.053,1660.0,-0.01,956.0,0.076,1188.0,0.0656865004239
839,Brendan Haywood,27.0,0.123,1484.0,0.134,1865.0,0.099,1879.0,0.095,1740.0,0.110134096001
840,Jermaine O'Neal,28.0,0.155,2788.0,0.118,1530.0,0.131,1802.0,0.091,2459.0,0.121247139588
842,Andre Iguodala,28.0,0.134,3269.0,0.101,3193.0,0.13,2469.0,0.158,2209.0,0.117166932322
844,Iman Shumpert,24.0,0.068,1705.0,0.094,996.0,0.048,1962.0,0.047,1545.0,0.080712187894
845,Ray Allen,24.0,0.092,2532.0,0.102,3287.0,0.146,1719.0,0.157,3070.0,0.121215469798
847,Caron Butler,32.0,0.061,2783.0,0.067,867.0,0.059,1871.0,0.091,1879.0,0.0813398458656
849,Pau Gasol,34.0,0.165,2430.0,0.107,1655.0,0.076,1884.0,0.187,2681.0,0.0962418417446
853,Steve Nash,35.0,0.225,2682.0,0.181,2780.0,0.14,2484.0,0.178,2660.0,0.138893577798
855,Antonio Davis,34.0,0.118,2479.0,0.127,2729.0,0.105,2978.0,0.055,1894.0,0.109496861077
857,Al Harrington,25.0,0.075,2467.0,0.116,2441.0,0.03,2550.0,0.065,2782.0,0.0744287832137
858,Dirk Nowitzki,28.0,0.19,2915.0,0.248,3020.0,0.275,3089.0,0.278,2820.0,0.218752424208
859,Charlie Bell,29.0,0.123,1283.0,0.068,2848.0,0.038,1628.0,0.059,1783.0,0.0750199148443
861,Matt Barnes,33.0,0.142,1020.0,0.142,1440.0,0.146,2058.0,0.097,1735.0,0.129305365345
862,David Wesley,29.0,0.097,2991.0,0.098,2845.0,0.124,1848.0,0.106,2760.0,0.111506585011
865,Michael Curry,31.0,0.126,1217.0,0.071,1978.0,0.07,1146.0,0.06,1611.0,0.0898436200465
867,Troy Murphy,24.0,0.046,1448.0,0.122,2510.0,0.104,610.0,0.107,2375.0,0.112416193638
869,Rafer Alston,28.0,0.059,600.0,0.059,980.0,0.11,2581.0,0.098,2717.0,0.105296336364
873,Rashard Lewis,30.0,0.155,2348.0,0.153,3076.0,0.16,2859.0,0.132,2369.0,0.142533302169
874,Drew Gooden,24.0,0.043,1873.0,0.043,2134.0,0.163,2523.0,0.145,2174.0,0.124197673163
875,Derek Anderson,26.0,0.139,1839.0,0.105,978.0,0.073,2201.0,0.166,2859.0,0.0932540074157
876,Chuck Hayes,29.0,0.098,1773.0,0.146,2079.0,0.028,1039.0,0.06,1209.0,0.0953796977301
878,Rodney Rogers,28.0,0.056,2480.0,0.063,2499.0,0.062,968.0,0.154,2286.0,0.0842372844563
879,Damon Stoudamire,25.0,0.072,2865.0,0.11,3311.0,0.079,2839.0,0.102,1673.0,0.0959062706499
882,Keyon Dooling,24.0,-0.01,155.0,0.016,969.0,0.013,1137.0,0.061,1184.0,0.0674107727432
883,Stephen Jackson,29.0,0.082,1806.0,0.073,2910.0,0.079,2479.0,0.077,2855.0,0.0877977915774
884,Jon Barry,31.0,0.116,374.0,0.156,736.0,0.157,1281.0,0.114,1010.0,0.130391053355
886,Antonio McDyess,33.0,0.154,1797.0,0.128,1733.0,0.168,1729.0,0.141,2285.0,0.135170439059
888,Gerald Henderson,27.0,0.026,1831.0,0.073,2133.0,0.071,2461.0,0.074,2315.0,0.084311120966
889,Luis Scola,31.0,0.165,2488.0,0.114,2671.0,0.11,2412.0,0.08,2067.0,0.111626411273
890,Donyell Marshall,26.0,0.059,1022.0,0.078,2611.0,0.117,1250.0,0.088,2071.0,0.103906580975
891,Grant Hill,26.0,0.172,3260.0,0.223,3147.0,0.149,3294.0,0.189,1852.0,0.154298211342
894,Jared Jeffries,24.0,0.049,292.0,0.014,1913.0,0.063,2007.0,0.076,1951.0,0.0745906416449
895,Channing Frye,26.0,0.024,1896.0,0.114,1342.0,0.054,746.0,0.141,2190.0,0.0954494441504
896,Devin Harris,25.0,0.139,1275.0,0.151,2081.0,0.132,2022.0,0.145,2494.0,0.128379798096
897,Kawhi Leonard,23.0,0.171,1534.0,0.166,1810.0,0.193,1923.0,0.204,2033.0,0.157630746072
898,Richard Jefferson,24.0,0.117,1917.0,0.164,2879.0,0.168,3133.0,0.086,1355.0,0.151328890106
900,Tierre Brown,25.0,0.006,403.0,0.044,168.0,-0.497,17.0,-0.021,1066.0,0.102142787616
903,Jason Terry,31.0,0.165,2798.0,0.182,2846.0,0.16,2579.0,0.14,2491.0,0.147470421817
904,Mitch Richmond*,35.0,0.148,2569.0,0.082,1912.0,0.104,2397.0,0.065,1216.0,0.102683723134
906,Scott Williams,32.0,0.101,801.0,-0.054,46.0,0.124,1488.0,0.128,1272.0,0.113966214754
907,Vince Carter,28.0,0.14,2385.0,0.136,1471.0,0.103,2785.0,0.159,2828.0,0.110082311347
909,Jon Barry,35.0,0.18,1985.0,0.183,1473.0,0.122,1101.0,0.125,1505.0,0.125998386068
910,Erick Dampier,33.0,0.119,1934.0,0.16,1915.0,0.165,1755.0,0.161,1836.0,0.138651410605
911,Peja Stojakovic,25.0,0.133,1749.0,0.168,2905.0,0.179,2649.0,0.199,2450.0,0.155416390913
912,Elton Brand,27.0,0.174,2670.0,0.169,3001.0,0.229,3099.0,0.18,3077.0,0.181537822457
913,Ryan Anderson,24.0,0.161,911.0,0.216,1424.0,0.219,1964.0,0.125,2503.0,0.174880598472
914,Robin Lopez,25.0,0.074,991.0,0.115,895.0,0.126,2136.0,0.176,2603.0,0.118887415575
915,Al Harrington,28.0,0.065,2782.0,0.08,2563.0,0.118,2190.0,0.073,2546.0,0.105712559154
916,Gordon Hayward,23.0,0.048,1218.0,0.116,2015.0,0.123,2104.0,0.062,2800.0,0.117830889086
917,Amar'e Stoudemire,28.0,0.262,2677.0,0.149,1948.0,0.181,2838.0,0.134,2870.0,0.155425405642
918,Gerald Wallace,29.0,0.172,2669.0,0.177,3119.0,0.111,2693.0,0.112,2076.0,0.126187849144
920,Raja Bell,29.0,0.069,1173.0,0.088,2020.0,0.06,1790.0,0.11,2959.0,0.085496173691
921,Mark Madsen,28.0,0.085,641.0,0.142,650.0,0.069,781.0,0.103,1246.0,0.101605578993
922,Serge Ibaka,24.0,0.164,2216.0,0.167,1792.0,0.181,2486.0,0.173,2666.0,0.155502232813
923,Jason Maxiell,26.0,0.091,943.0,0.171,1768.0,0.141,1408.0,0.081,1550.0,0.132275590258
924,Sasha Pavlovic,23.0,0.04,1144.0,0.046,862.0,0.03,813.0,0.098,1534.0,0.0816691182682
925,Shaun Livingston,28.0,0.073,1261.0,0.055,1092.0,0.086,1455.0,0.108,1974.0,0.0936579265766
926,Darko Milicic,22.0,-0.031,254.0,0.073,767.0,0.082,1913.0,0.006,1663.0,0.0957476651038
927,Marquis Daniels,27.0,0.086,1412.0,0.114,1766.0,0.036,800.0,0.028,1546.0,0.0935309100592
929,Milt Palacio,24.0,-0.041,394.0,0.076,1141.0,0.05,790.0,0.004,1976.0,0.0900271011953
930,Andrei Kirilenko,29.0,0.154,2217.0,0.122,1831.0,0.171,1681.0,0.109,1999.0,0.136067045456
931,Stephon Marbury,28.0,0.142,3240.0,0.134,3254.0,0.171,3281.0,0.084,2193.0,0.145548401767
933,Rasho Nesterovic,25.0,-0.049,30.0,0.082,1723.0,0.06,1233.0,0.089,2218.0,0.0895380087139
935,Eric Gordon,24.0,0.069,2229.0,0.12,2112.0,0.115,310.0,0.042,1264.0,0.113001206492
936,Sean Rooks,31.0,0.13,425.0,0.052,315.0,0.051,1001.0,0.07,1553.0,0.0875739204348
937,Marcus Camby,36.0,0.148,2758.0,0.129,1925.0,0.142,2314.0,0.116,1540.0,0.126421915538
938,Kendrick Perkins,24.0,0.082,1332.0,0.042,1576.0,0.156,1912.0,0.119,2253.0,0.120927606554
942,Gilbert Arenas,24.0,0.109,2866.0,0.061,2066.0,0.169,3274.0,0.193,3384.0,0.136498749363
943,Matt Barnes,32.0,0.135,2097.0,0.142,1020.0,0.142,1440.0,0.146,2058.0,0.125112431648
944,Tony Delk,29.0,0.09,682.0,0.096,2288.0,0.084,1447.0,0.117,1873.0,0.0977090838033
945,David Lee,30.0,0.11,2634.0,0.113,2121.0,0.15,2907.0,0.16,2288.0,0.129790962195
949,George Lynch,32.0,0.116,2416.0,0.118,2649.0,0.038,893.0,0.113,1497.0,0.0955338915455
950,Pau Gasol,32.0,0.22,2403.0,0.232,3037.0,0.165,2430.0,0.107,1655.0,0.16172113939
951,Jermaine O'Neal,30.0,0.131,1802.0,0.091,2459.0,0.035,1206.0,0.06,2027.0,0.0841050011798
952,Brian Grant,30.0,0.128,1322.0,0.151,2771.0,0.103,2256.0,0.139,2641.0,0.115534930567
953,Channing Frye,28.0,0.054,746.0,0.141,2190.0,0.09,2541.0,0.106,1669.0,0.105169345556
955,Rasho Nesterovic,27.0,0.06,1233.0,0.089,2218.0,0.107,2337.0,0.147,2353.0,0.104530452172
956,Eric Piatkowski,30.0,0.108,1740.0,0.091,1242.0,0.064,1712.0,0.123,2144.0,0.0884919616223
957,Luol Deng,23.0,0.12,2604.0,0.176,3071.0,0.098,2128.0,0.085,1665.0,0.123322312617
959,Avery Johnson,36.0,0.111,1672.0,0.117,2571.0,0.098,1290.0,0.106,1352.0,0.106333952896
960,Erick Dampier,34.0,0.16,1915.0,0.165,1755.0,0.161,1836.0,0.14,1280.0,0.138819631908
961,Rick Fox,31.0,0.093,2709.0,0.091,944.0,0.104,1473.0,0.107,2291.0,0.104347402897
962,Jameer Nelson,29.0,0.22,1309.0,0.13,1860.0,0.136,2319.0,0.099,1706.0,0.126473852493
963,Lou Williams,26.0,0.13,1912.0,0.141,1747.0,0.174,1682.0,0.103,1119.0,0.141085080501
965,David Wesley,31.0,0.124,1848.0,0.106,2760.0,0.117,3106.0,0.05,2487.0,0.112268490569
968,Mike Bibby,27.0,0.146,1835.0,0.151,2980.0,0.133,3084.0,0.127,3167.0,0.130350988288
970,Steve Francis,26.0,0.184,3194.0,0.091,2343.0,0.16,3318.0,0.107,3194.0,0.136563542541
971,Brent Barry,31.0,0.131,2726.0,0.157,1778.0,0.191,3040.0,0.141,2480.0,0.157766431921
972,Tim Thomas,30.0,0.054,1940.0,0.065,666.0,0.092,2054.0,0.042,1940.0,0.0965018450821
973,Tony Allen,30.0,0.085,887.0,0.1,889.0,0.152,1494.0,0.131,1525.0,0.124560884827
977,Blue Edwards,32.0,0.053,1112.0,0.032,2773.0,-0.003,1439.0,0.052,1968.0,0.0530182685544
978,Shandon Anderson,27.0,0.127,1602.0,0.088,1072.0,0.087,2700.0,0.078,2396.0,0.0966208594532
979,Richard Hamilton,30.0,0.13,2825.0,0.141,2763.0,0.152,2424.0,0.095,2279.0,0.13440797968
980,Shannon Brown,24.0,0.015,202.0,-0.102,240.0,0.067,477.0,0.096,1700.0,0.0939724228978
981,Mark Jackson,37.0,0.146,2190.0,0.11,2588.0,0.123,2367.0,0.037,1467.0,0.114391376245
982,Lou Williams,24.0,0.112,1862.0,0.085,1919.0,0.13,1912.0,0.141,1747.0,0.115695579331
984,Samuel Dalembert,26.0,0.104,1785.0,0.097,1761.0,0.117,2535.0,0.121,2724.0,0.112250361674
986,Allen Iverson*,27.0,0.116,2853.0,0.19,2979.0,0.126,2622.0,0.127,3485.0,0.134369183037
987,Andris Biedrins,24.0,0.185,2078.0,0.139,1863.0,0.101,763.0,0.088,1397.0,0.118932184731
988,Mike Bibby,31.0,0.076,2784.0,0.063,1573.0,0.121,2740.0,0.104,2195.0,0.108073729061
989,Sam Cassell,33.0,0.152,2899.0,0.15,2709.0,0.158,2605.0,0.171,2700.0,0.139196250714
992,Tony Delk,31.0,0.084,1447.0,0.117,1873.0,0.08,509.0,0.074,1340.0,0.105447659028
993,Tyson Chandler,31.0,0.218,2059.0,0.22,2061.0,0.207,2164.0,0.143,1662.0,0.172100411778
994,Tom Gugliotta,28.0,0.065,2568.0,0.089,2835.0,0.103,3131.0,0.151,1582.0,0.101426928903
997,Tony Battie,25.0,0.139,1121.0,0.12,1505.0,0.131,845.0,0.164,1819.0,0.118899072915
998,Matt Barnes,31.0,0.069,2082.0,0.135,2097.0,0.142,1020.0,0.142,1440.0,0.121657913733
999,Vitaly Potapenko,25.0,0.052,1412.0,0.076,1394.0,0.066,1797.0,0.087,1901.0,0.0869961409888
1000,Chuck Hayes,28.0,0.092,858.0,0.098,1773.0,0.146,2079.0,0.028,1039.0,0.123615291996
1001,David Robinson*,34.0,0.227,147.0,0.269,2457.0,0.261,1554.0,0.238,2557.0,0.196593656297
1004,Aaron McKie,25.0,0.115,827.0,0.113,2259.0,0.103,1625.0,0.036,1813.0,0.109343138813
1006,Damon Jones,31.0,0.162,2576.0,0.077,2089.0,0.097,1173.0,0.108,1336.0,0.10068589729
1007,Vlade Divac,29.0,0.162,2807.0,0.119,2470.0,0.123,2840.0,0.157,1805.0,0.119061022162
1008,Greg Buckner,30.0,0.024,703.0,0.153,1522.0,0.103,1758.0,0.076,1372.0,0.111951459574
1010,Mehmet Okur,30.0,0.158,2664.0,0.134,2390.0,0.148,2409.0,0.126,2149.0,0.132054803541
1011,Jermaine O'Neal,27.0,0.177,2864.0,0.155,2788.0,0.118,1530.0,0.131,1802.0,0.126510268805
1013,Jason Williams,26.0,0.055,1805.0,0.026,2760.0,0.079,2290.0,0.02,2236.0,0.0786314354521
1014,Gerald Henderson,26.0,0.068,1661.0,0.026,1831.0,0.073,2133.0,0.071,2461.0,0.0804087043676
1016,Eric Snow,25.0,0.061,389.0,0.117,775.0,0.067,918.0,0.105,1716.0,0.0987831142482
1017,Rasheed Wallace,27.0,0.169,1414.0,0.156,2845.0,0.18,2940.0,0.158,2963.0,0.154124611213
1018,Anthony Parker,34.0,0.127,2437.0,0.113,2634.0,0.063,2637.0,0.103,2289.0,0.0883612693496
1020,Sean Elliott,32.0,0.065,1012.0,0.113,1509.0,0.067,391.0,0.118,1229.0,0.102969503159
1021,Glen Davis,25.0,0.128,940.0,0.108,1637.0,0.084,933.0,0.102,2298.0,0.104196201882
1022,Rudy Gay,25.0,0.054,2945.0,0.096,3175.0,0.123,2152.0,0.12,2422.0,0.111051720201
1024,Shawn Marion,33.0,0.101,2470.0,0.1,2385.0,0.12,2253.0,0.092,1919.0,0.110925235929
1027,Tayshaun Prince,31.0,0.098,3057.0,0.091,1664.0,0.062,2562.0,0.048,2087.0,0.0834209500038
1028,Steve Nash,29.0,0.169,2387.0,0.167,2837.0,0.206,2711.0,0.162,2612.0,0.166408822711
1029,Rasheed Wallace,35.0,0.123,2419.0,0.155,2346.0,0.114,2123.0,0.096,1780.0,0.118776487805
1030,Eddie Jones,26.0,0.122,1981.0,0.15,2184.0,0.154,2998.0,0.166,2910.0,0.139730536294
1032,Terrell Brandon,29.0,0.181,2868.0,0.136,1784.0,0.126,1217.0,0.159,2587.0,0.122521746072
1033,Keith Bogans,28.0,0.058,1912.0,0.08,990.0,0.106,2198.0,0.096,1272.0,0.103941682484
1034,Steve Smith,31.0,0.171,2857.0,0.162,1314.0,0.186,2689.0,0.155,2542.0,0.155025620401
1035,Lance Stephenson,23.0,-0.093,115.0,-0.031,442.0,0.115,2278.0,0.13,2752.0,0.108375275243
1037,Raymond Felton,24.0,0.051,2406.0,0.039,2832.0,0.054,2972.0,0.066,3086.0,0.0691393440992
1039,Matt Barnes,27.0,0.028,715.0,0.075,631.0,0.099,1813.0,0.077,1414.0,0.102078824251
1041,Shane Battier,30.0,0.153,2839.0,0.144,2988.0,0.135,2907.0,0.123,2031.0,0.129154648228
1042,Eddy Curry,22.0,0.075,1150.0,0.107,1571.0,0.066,2154.0,0.115,1808.0,0.0911556349843
1043,Wesley Matthews,27.0,0.126,2758.0,0.104,2228.0,0.093,2403.0,0.142,2780.0,0.102231322293
1044,Greg Ostertag,25.0,0.104,661.0,0.156,1818.0,0.084,1288.0,0.136,1340.0,0.111400740784
1045,James Posey,27.0,0.08,2255.0,0.058,2238.0,0.104,2518.0,0.195,2451.0,0.0979562605907
1046,Shawn Marion,29.0,0.191,3146.0,0.214,3263.0,0.191,3010.0,0.153,2315.0,0.171757854158
1048,Lindsey Hunter,34.0,0.059,1616.0,-0.041,673.0,0.067,661.0,0.058,1144.0,0.0829336704466
1049,Antawn Jamison,35.0,0.126,3096.0,0.115,2406.0,0.067,1842.0,0.07,2151.0,0.0941116704548
1050,Blake Griffin,25.0,0.185,2392.0,0.196,2598.0,0.205,2863.0,0.183,2356.0,0.174956757024
1051,C.J. Miles,22.0,-0.062,373.0,0.134,689.0,0.086,1623.0,0.061,1497.0,0.102771170334
1052,Cory Joseph,23.0,0.001,266.0,0.113,388.0,0.148,936.0,0.149,1444.0,0.123694122238
1055,Stephen Jackson,31.0,0.079,2479.0,0.077,2855.0,0.045,2339.0,0.077,3129.0,0.0742156828909
1056,Charlie Ward,28.0,0.064,787.0,0.099,1763.0,0.148,2317.0,0.094,1556.0,0.125528812615
1059,John Starks,34.0,0.136,2042.0,0.101,2188.0,0.085,1686.0,0.026,1190.0,0.0985173767744
1060,Lindsey Hunter,31.0,0.109,1755.0,0.093,2919.0,0.109,2002.0,0.059,1616.0,0.104931663873
1064,Troy Murphy,29.0,0.116,1852.0,0.141,2106.0,0.165,2482.0,0.159,2344.0,0.140321484813
1065,Chris Bosh,27.0,0.159,2928.0,0.182,2526.0,0.177,2795.0,0.165,2007.0,0.156535280727
1066,Ty Lawson,26.0,0.153,2103.0,0.157,2124.0,0.141,2513.0,0.136,2222.0,0.134097917526
1069,Dahntay Jones,26.0,-0.114,154.0,0.066,649.0,0.029,967.0,0.019,1671.0,0.0809355402403
1071,Chauncey Billups,24.0,0.065,2216.0,0.075,1488.0,0.023,305.0,0.098,1790.0,0.0927870908017
1073,Jim Jackson,31.0,0.101,1175.0,0.049,2767.0,0.003,1690.0,0.073,1825.0,0.0570864703581
1074,Marreese Speights,24.0,0.146,1263.0,0.101,1016.0,0.11,734.0,0.096,1345.0,0.111335305513
1076,Earl Watson,30.0,0.044,2152.0,0.061,2269.0,-0.005,1776.0,0.055,2322.0,0.0548678593256
1077,Grant Hill,27.0,0.223,3147.0,0.149,3294.0,0.189,1852.0,0.185,2776.0,0.152508926083
1079,Isaiah Rider,28.0,0.093,2563.0,0.099,2786.0,0.086,1385.0,0.037,2084.0,0.0992648210237
1080,Deron Williams,26.0,0.177,3059.0,0.16,2505.0,0.177,2802.0,0.142,2465.0,0.153877038826
1081,Dana Barros,31.0,0.116,2328.0,0.065,708.0,0.16,1686.0,0.139,1156.0,0.127097638261
1082,Jerry Stackhouse,28.0,0.111,3148.0,0.137,3215.0,0.104,2685.0,0.114,2747.0,0.113193953525
1084,Michael Curry,34.0,0.06,1611.0,0.055,1485.0,0.057,1912.0,0.06,1555.0,0.0778415729402
1086,Hubert Davis,27.0,0.136,1697.0,0.151,1773.0,0.01,623.0,0.068,2378.0,0.101458268333
1087,Shawn Kemp,32.0,0.205,1475.0,0.077,2492.0,0.041,1083.0,0.074,1232.0,0.0848173726135
1089,Karl Malone*,37.0,0.259,3030.0,0.252,1832.0,0.249,2947.0,0.217,2895.0,0.200765833074
1090,Rasheed Wallace,33.0,0.127,2687.0,0.154,2780.0,0.123,2419.0,0.155,2346.0,0.123775017746
1091,Steve Blake,34.0,0.04,1237.0,0.097,1175.0,0.058,1498.0,0.066,1529.0,0.0860602375278
1093,Leandro Barbosa,29.0,0.141,1705.0,0.065,786.0,0.052,1395.0,0.06,1382.0,0.084870009577
1094,Raja Bell,31.0,0.06,1790.0,0.11,2959.0,0.095,2917.0,0.082,2646.0,0.10123828675
1095,C.J. Watson,27.0,0.084,1883.0,0.082,1788.0,0.093,1091.0,0.109,1159.0,0.0992112603519
1096,Ronnie Brewer,25.0,0.178,2088.0,0.126,2605.0,0.103,1742.0,0.147,1781.0,0.114191443361
1099,Ramon Sessions,27.0,0.099,2133.0,0.104,1707.0,0.084,1652.0,0.094,2214.0,0.0991554798826
1101,Nene Hilario,26.0,-1.312,3.0,0.148,1715.0,0.052,266.0,0.177,2510.0,0.114673667371
1102,Jumaine Jones,25.0,0.074,2142.0,0.062,2204.0,0.019,373.0,0.097,1830.0,0.0858523952701
1104,Evan Turner,25.0,0.06,1797.0,0.068,1713.0,0.035,2892.0,0.027,2457.0,0.0655767318983
1109,Vince Carter,27.0,0.208,2979.0,0.14,2385.0,0.136,1471.0,0.103,2785.0,0.129547669087
1110,Lou Amundson,27.0,0.039,89.0,0.043,64.0,0.082,1044.0,0.118,1168.0,0.0996126385709
1112,Tony Parker,28.0,0.146,2312.0,0.168,2456.0,0.101,1728.0,0.156,2528.0,0.120095584919
1114,Mario Chalmers,27.0,0.089,1579.0,0.112,1825.0,0.12,2068.0,0.106,2178.0,0.114535538687
1116,Andrew DeClercq,25.0,0.102,203.0,0.07,1065.0,0.108,1523.0,0.136,1102.0,0.105755730998
1117,Grant Long,32.0,0.134,3008.0,0.107,1166.0,0.104,739.0,0.17,1380.0,0.10861343167
1120,Greivis Vasquez,27.0,0.03,860.0,0.064,1706.0,0.067,2685.0,0.097,1779.0,0.0816335541285
1122,Mo Williams,29.0,0.165,2834.0,0.136,2359.0,0.026,1788.0,0.093,1472.0,0.0859273670609
1123,Travis Best,28.0,0.103,1547.0,0.097,1043.0,0.145,1691.0,0.14,2457.0,0.122787127454
1124,Stephon Marbury,22.0,0.077,2324.0,0.082,3112.0,0.134,1895.0,0.123,2881.0,0.113447621341
1125,Tyson Chandler,25.0,0.183,2189.0,0.123,2121.0,0.15,2525.0,0.172,2783.0,0.134139072477
1126,Mark Jackson,34.0,0.097,3054.0,0.15,2413.0,0.134,1382.0,0.146,2190.0,0.124205353033
1127,Khalid Reeves,25.0,0.115,1462.0,0.064,833.0,0.041,1432.0,0.062,1950.0,0.080382461243
1128,Patrick Ewing*,37.0,0.163,2887.0,0.168,848.0,0.123,1300.0,0.113,2035.0,0.120339905076
1129,Glen Davis,28.0,0.102,2298.0,0.057,1427.0,0.035,1064.0,0.058,1662.0,0.0793866400221
1131,Allan Houston,30.0,0.078,1815.0,0.13,3169.0,0.126,2858.0,0.077,2914.0,0.120500076084
1132,Al Jefferson,30.0,0.173,2075.0,0.143,2578.0,0.146,2553.0,0.113,1992.0,0.133442230334
1133,J.J. Hickson,24.0,0.123,1691.0,0.032,2256.0,0.066,1244.0,0.142,2323.0,0.0809103055898
1137,Glenn Robinson,25.0,0.053,2958.0,0.052,3249.0,0.072,3114.0,0.065,2294.0,0.0791448764452
1138,Thaddeus Young,23.0,0.102,2580.0,0.047,2145.0,0.139,2135.0,0.171,1755.0,0.113074874291
1139,Malik Rose,30.0,0.123,1725.0,0.13,1933.0,0.145,1256.0,0.085,1475.0,0.124559820259
1140,J.J. Barea,29.0,0.093,1669.0,0.056,1032.0,0.053,1713.0,0.024,1471.0,0.0800419138684
1141,Brian Shaw,31.0,0.035,1836.0,0.018,1679.0,0.029,1867.0,0.002,1530.0,0.060413147207
1142,Grant Hill,37.0,0.123,2009.0,0.127,2222.0,0.104,2445.0,0.109,2430.0,0.108412531525
1143,P.J. Brown,32.0,0.153,1611.0,0.143,2302.0,0.137,2811.0,0.154,2563.0,0.128334841501
1145,Gary Payton*,35.0,0.16,3244.0,0.183,3301.0,0.136,3208.0,0.137,2825.0,0.137020201359
1146,Ronald Murray,27.0,0.04,2021.0,-0.016,883.0,0.015,2112.0,0.042,1477.0,0.0531097709534
1147,Samaki Walker,26.0,0.098,980.0,0.093,963.0,0.153,1655.0,0.079,1243.0,0.126825062665
1148,Kenyon Martin,28.0,0.129,2628.0,0.142,2252.0,0.111,2272.0,0.117,1546.0,0.116624457651
1149,Bobby Jackson,35.0,0.095,1775.0,0.088,1330.0,0.105,1389.0,0.038,1484.0,0.103143299726
1151,Elton Brand,34.0,0.161,2809.0,0.168,1732.0,0.107,1527.0,0.121,1414.0,0.119166962073
1152,Fred Hoiberg,29.0,-0.014,87.0,0.1,845.0,0.126,2247.0,0.092,1408.0,0.116754055139
1153,Shaquille O'Neal*,34.0,0.192,2464.0,0.211,2492.0,0.164,1806.0,0.119,1135.0,0.152069915847
1155,Kobe Bryant,26.0,0.199,3063.0,0.21,3401.0,0.21,2447.0,0.145,2689.0,0.179278554828
1156,Spencer Hawes,24.0,0.054,1904.0,0.066,1718.0,0.152,920.0,0.096,2233.0,0.11178869971
1157,Kevin Garnett,28.0,0.194,3175.0,0.225,3321.0,0.272,3231.0,0.248,3121.0,0.214375261334
1158,Ben Wallace,28.0,0.138,1959.0,0.121,2760.0,0.19,2921.0,0.176,2873.0,0.151099234234
1160,Chris Kaman,25.0,0.061,1632.0,0.114,2560.0,0.063,2176.0,0.083,2083.0,0.0912112557936
1161,Andray Blatche,26.0,0.073,2256.0,0.053,2172.0,-0.011,626.0,0.153,1555.0,0.0731713917372
1162,Nick Collison,31.0,0.13,1831.0,0.146,1557.0,0.113,1524.0,0.13,1307.0,0.116408906012
1164,Shawn Marion,28.0,0.135,3217.0,0.191,3146.0,0.214,3263.0,0.191,3010.0,0.177578650288
1168,Kobe Bryant,33.0,0.206,2960.0,0.16,2835.0,0.178,2779.0,0.132,2232.0,0.15254369334
1169,Jameer Nelson,27.0,0.082,2331.0,0.136,1961.0,0.22,1309.0,0.13,1860.0,0.149258371714
1170,Stephen Jackson,26.0,-0.024,227.0,0.102,2254.0,0.072,2940.0,0.082,1806.0,0.0896175544245
1171,Austin Croshere,28.0,0.082,1874.0,0.098,1286.0,0.151,633.0,0.156,1051.0,0.114975246666
1174,Josh Smith,28.0,0.116,2645.0,0.139,2329.0,0.075,2683.0,0.02,2730.0,0.0985030971076
1175,David Wesley,30.0,0.098,2845.0,0.124,1848.0,0.106,2760.0,0.117,3106.0,0.10902112529
1178,Chris Kaman,27.0,0.063,2176.0,0.083,2083.0,0.03,921.0,0.044,2608.0,0.0829762482326
1179,Andrea Bargnani,27.0,0.072,2799.0,0.052,2353.0,0.104,1032.0,0.007,1003.0,0.0931801291545
1181,Derrick Favors,22.0,0.091,1535.0,0.105,1376.0,0.117,1787.0,0.112,2201.0,0.114372050292
1183,Luol Deng,24.0,0.176,3071.0,0.098,2128.0,0.085,1665.0,0.106,2651.0,0.10306228865
1184,Brent Barry,29.0,0.08,1600.0,0.065,1181.0,0.131,2726.0,0.157,1778.0,0.115879547318
1185,Shawn Marion,34.0,0.1,2385.0,0.12,2253.0,0.092,1919.0,0.127,2010.0,0.103167050694
1186,Anthony Johnson,29.0,-0.019,511.0,0.092,366.0,0.105,842.0,0.109,1598.0,0.105781238307
1189,Rashard Lewis,27.0,0.107,2931.0,0.15,2697.0,0.138,2876.0,0.155,2348.0,0.130998445109
1190,Jelani McCoy,25.0,0.099,746.0,0.045,1143.0,0.05,104.0,0.035,1367.0,0.0959976542571
1191,Marcus Thornton,25.0,0.103,1872.0,0.095,1775.0,0.103,1780.0,0.089,1726.0,0.105768262384
1192,Luc Mbah a Moute,27.0,0.109,2093.0,0.112,1009.0,0.017,1326.0,0.049,1003.0,0.0775440042672
1193,Rajon Rondo,25.0,0.179,2642.0,0.156,2963.0,0.126,2527.0,0.121,1957.0,0.130164081965
1194,David Wesley,35.0,0.124,2710.0,0.067,2001.0,0.089,2774.0,0.072,2372.0,0.0924531768652
1197,Eddie Robinson,27.0,0.159,1201.0,0.015,653.0,0.076,1355.0,0.039,1024.0,0.0912793012083
1198,Tony Battie,30.0,0.074,1478.0,0.051,1894.0,0.083,2215.0,0.081,1575.0,0.0875563732763
1200,Luc Mbah a Moute,25.0,0.092,2114.0,0.122,1866.0,0.109,2093.0,0.112,1009.0,0.112198806605
1201,Channing Frye,27.0,0.114,1342.0,0.054,746.0,0.141,2190.0,0.09,2541.0,0.12180679237
1203,Derek Fisher,35.0,0.083,2287.0,0.121,2249.0,0.123,2441.0,0.085,2227.0,0.115313132431
1204,Eric Williams,31.0,0.06,1745.0,0.061,1747.0,0.123,2350.0,0.079,1886.0,0.107205718208
1205,Enes Kanter,22.0,0.095,874.0,0.101,1078.0,0.05,2138.0,0.145,2135.0,0.0823641267904
1206,Erick Dampier,25.0,0.072,2656.0,0.051,1414.0,-0.006,495.0,-0.021,1038.0,0.0793569550601
1207,Vlade Divac,34.0,0.145,2374.0,0.147,2420.0,0.145,2420.0,0.141,2384.0,0.131618947847
1211,Kris Humphries,24.0,0.107,670.0,0.096,925.0,0.125,265.0,0.074,1221.0,0.110985101684
1212,Charles Barkley*,35.0,0.191,2632.0,0.224,2009.0,0.183,2243.0,0.215,1526.0,0.160747230014
1213,Kirk Hinrich,27.0,0.124,2800.0,0.124,2955.0,0.171,2839.0,0.072,2380.0,0.142000043201
1216,Boris Diaw,29.0,0.082,2754.0,0.103,2906.0,0.082,2778.0,0.019,1424.0,0.0946278261237
1217,Moochie Norris,29.0,0.158,502.0,0.126,1654.0,0.039,2249.0,0.061,1375.0,0.0793518677581
1218,Allen Iverson*,28.0,0.19,2979.0,0.126,2622.0,0.127,3485.0,0.066,2040.0,0.123779131006
1219,Derek Anderson,28.0,0.073,2201.0,0.166,2859.0,0.137,1860.0,0.153,2556.0,0.131852282909
1220,Hakeem Olajuwon*,35.0,0.181,2853.0,0.166,2797.0,0.154,2852.0,0.131,1633.0,0.141396277132
1221,Glenn Robinson,27.0,0.072,3114.0,0.065,2294.0,0.122,1579.0,0.08,2909.0,0.103518210843
1222,Gerald Wallace,24.0,0.052,337.0,0.055,2147.0,0.163,1895.0,0.141,2640.0,0.122604432819
1223,Devin Harris,26.0,0.151,2081.0,0.132,2022.0,0.145,2494.0,0.057,2221.0,0.131768102997
1224,Chris Wilcox,26.0,0.138,1529.0,0.112,2586.0,0.093,1739.0,0.048,1049.0,0.105585755526
1226,Vince Carter,30.0,0.103,2785.0,0.159,2828.0,0.153,2906.0,0.161,3126.0,0.138868740038
1227,Chris Paul,23.0,0.178,2808.0,0.179,2353.0,0.284,3006.0,0.292,3002.0,0.213893113902
1229,Aaron McKie,32.0,0.128,1471.0,0.104,2374.0,0.108,2112.0,0.085,1118.0,0.107385904657
1231,Reggie Jackson,24.0,0.011,501.0,0.121,993.0,0.104,2277.0,0.104,2268.0,0.108929256809
1232,Austin Croshere,29.0,0.098,1286.0,0.151,633.0,0.156,1051.0,0.107,1827.0,0.127338172423
1233,Zach Randolph,28.0,0.112,2425.0,0.063,2244.0,0.083,1757.0,0.153,3051.0,0.0906893444396
1234,Andrei Kirilenko,24.0,0.199,2213.0,0.192,2895.0,0.197,1349.0,0.145,2604.0,0.16240633909
1235,Thaddeus Young,24.0,0.047,2145.0,0.139,2135.0,0.171,1755.0,0.136,2629.0,0.13870978042
1236,Jermaine O'Neal,25.0,0.116,2641.0,0.113,2707.0,0.177,2864.0,0.155,2788.0,0.144177482489
1237,Jason Richardson,30.0,0.113,3149.0,0.116,2410.0,0.128,2485.0,0.123,2715.0,0.118665840677
1238,Gary Payton*,36.0,0.183,3301.0,0.136,3208.0,0.137,2825.0,0.102,2541.0,0.128071906573
1239,Rashard Lewis,22.0,-0.136,145.0,0.125,1575.0,0.142,2720.0,0.16,2585.0,0.130951280295
1240,Eric Snow,30.0,0.105,1740.0,0.119,2225.0,0.13,3108.0,0.09,2966.0,0.121047581836
1241,Vince Carter,34.0,0.126,2959.0,0.123,2946.0,0.154,2310.0,0.089,2051.0,0.129874669704
1242,Brandon Bass,29.0,0.122,1868.0,0.101,2239.0,0.107,2266.0,0.132,1929.0,0.1070628008
1243,Lamar Odom,27.0,0.134,3003.0,0.098,2320.0,0.137,3221.0,0.102,2202.0,0.123234630907
1244,Derrick Coleman,31.0,-0.029,294.0,0.076,2102.0,0.1,2135.0,0.081,1178.0,0.0983982531916
1245,DeShawn Stevenson,24.0,-0.009,760.0,0.029,2444.0,-0.007,1089.0,0.044,2648.0,0.0573944029198
1246,Zaza Pachulia,24.0,0.077,2452.0,0.114,2026.0,0.054,944.0,0.127,1473.0,0.0970693851915
1248,Steve Kerr,32.0,0.153,1839.0,0.208,1919.0,0.192,1861.0,0.161,1119.0,0.159217975465
1249,Sean Rooks,33.0,0.051,1001.0,0.07,1553.0,0.038,728.0,0.015,1344.0,0.0842960867704
1250,Trevor Ariza,26.0,0.146,1999.0,0.058,2629.0,0.062,2600.0,0.078,1350.0,0.0795323959568
1253,Trenton Hassell,30.0,0.056,2223.0,0.015,773.0,0.029,1094.0,-0.003,1106.0,0.0727032507425
1254,Matt Harpring,29.0,0.166,2557.0,0.116,1134.0,0.102,2584.0,0.115,1944.0,0.108000055629
1255,Kevin Martin,24.0,0.016,455.0,0.137,1913.0,0.173,2818.0,0.183,2216.0,0.147794895245
1258,John Starks,32.0,0.109,2725.0,0.11,2491.0,0.136,2042.0,0.101,2188.0,0.119273772486
1259,Goran Dragic,28.0,0.139,1752.0,0.106,2581.0,0.186,2668.0,0.123,2640.0,0.145163754949
1260,Andrew Bynum,24.0,0.184,1446.0,0.188,1977.0,0.21,1500.0,0.183,2112.0,0.163905499284
1261,Mark Bryant,34.0,0.109,1018.0,0.109,1110.0,0.06,1204.0,0.067,1712.0,0.0919202716013
1262,Othella Harrington,28.0,0.115,903.0,0.054,2677.0,0.067,1815.0,0.092,1563.0,0.0811577729849
1265,Brandon Jennings,24.0,0.086,2169.0,0.114,2331.0,0.096,2897.0,0.068,2728.0,0.104755236789
1267,James Posey,33.0,0.13,1919.0,0.164,1821.0,0.095,2140.0,0.067,1731.0,0.111024864086
1268,Paul Millsap,24.0,0.153,1472.0,0.148,1702.0,0.162,2290.0,0.151,2277.0,0.142322976759
1269,Anderson Varejao,27.0,0.164,1932.0,0.086,1320.0,0.166,2306.0,0.179,2166.0,0.135740080062
1270,Allen Iverson*,33.0,0.165,3103.0,0.108,2761.0,0.163,3424.0,0.066,2093.0,0.137177755268
1271,Bob Sura,30.0,0.003,1684.0,0.111,1780.0,0.075,1130.0,0.133,1663.0,0.0964013665789
1272,Richard Jefferson,28.0,0.184,3059.0,0.082,1956.0,0.114,3200.0,0.109,2939.0,0.110712077788
1273,Jamaal Magloire,27.0,0.133,2443.0,0.131,2777.0,0.019,703.0,0.039,2465.0,0.100947879241
1274,Chris Paul,26.0,0.292,3002.0,0.204,1712.0,0.232,2880.0,0.278,2181.0,0.191488335348
1275,Chris Kaman,30.0,0.044,2608.0,0.047,838.0,0.024,1372.0,0.058,1363.0,0.0695240292678
1276,Randy Foye,27.0,0.042,1259.0,0.059,2494.0,0.064,1667.0,0.051,1551.0,0.0812976328049
1277,Karl Malone*,38.0,0.252,1832.0,0.249,2947.0,0.217,2895.0,0.155,3040.0,0.187239864235
1278,Danny Ferry,31.0,0.144,1290.0,0.098,2680.0,0.102,2633.0,0.049,1034.0,0.103766311599
1279,Bobby Jackson,29.0,0.101,1034.0,0.091,1648.0,0.148,1750.0,0.157,1676.0,0.121757147349
1281,Tracy Murray,26.0,0.047,516.0,0.096,2458.0,0.116,1814.0,0.139,2227.0,0.109630645986
1282,Marco Belinelli,25.0,0.028,882.0,0.049,1121.0,0.084,1957.0,0.071,1966.0,0.091749251542
1286,Otis Thorpe,35.0,0.129,2096.0,0.128,2841.0,0.142,2661.0,0.055,2197.0,0.126732071717
1287,A.C. Green,36.0,0.093,2492.0,0.095,2649.0,0.074,924.0,0.124,1929.0,0.0954202688951
1288,Kobe Bryant,23.0,0.13,1896.0,0.202,2524.0,0.196,2783.0,0.199,3063.0,0.171230425355
1289,Kenny Thomas,27.0,0.085,2484.0,0.111,1978.0,0.118,2699.0,0.096,2167.0,0.113683448796
1290,Hedo Turkoglu,31.0,0.143,3026.0,0.125,2815.0,0.071,2272.0,0.129,2540.0,0.0975741020848
1292,Alvin Williams,28.0,0.063,779.0,0.109,2394.0,0.086,2927.0,0.101,2638.0,0.0973285782887
1294,Joel Przybilla,28.0,0.121,1858.0,0.078,1395.0,0.02,701.0,0.113,1819.0,0.0853763761793
1295,Charlie Ward,30.0,0.148,2317.0,0.094,1556.0,0.133,1986.0,0.127,1492.0,0.118248140014
1296,Antawn Jamison,29.0,0.126,3226.0,0.183,2376.0,0.1,2605.0,0.119,3288.0,0.118297278663
1298,Matt Bonner,29.0,0.163,653.0,0.11,853.0,0.169,1928.0,0.153,1161.0,0.137223105667
1300,Kobe Bryant,25.0,0.196,2783.0,0.199,3063.0,0.21,3401.0,0.21,2447.0,0.181698783267
1301,Avery Bradley,24.0,0.085,1368.0,0.012,1435.0,0.046,1855.0,0.049,2428.0,0.0704636668348
1303,Derek Fisher,25.0,0.056,921.0,0.104,1760.0,0.072,1131.0,0.083,1803.0,0.0977221017376
1304,Joey Graham,26.0,0.038,1581.0,0.108,1319.0,0.04,331.0,0.068,1541.0,0.0995665192481
1305,Popeye Jones,31.0,0.113,206.0,0.082,330.0,0.094,638.0,0.107,1920.0,0.103956541906
1307,Danny Manning,32.0,0.026,816.0,0.117,2134.0,0.174,1794.0,0.104,1184.0,0.134122653559
1309,Sam Cassell,35.0,0.158,2605.0,0.171,2700.0,0.205,2838.0,0.119,1522.0,0.165192661501
1310,Carmelo Anthony,26.0,0.14,2806.0,0.105,2277.0,0.145,2634.0,0.138,2751.0,0.127422904825
1313,Antonio Daniels,33.0,0.111,2283.0,0.116,1761.0,0.099,2161.0,0.068,1021.0,0.104926811757
1315,Chucky Brown,29.0,0.123,814.0,0.101,2019.0,0.101,757.0,0.056,1202.0,0.105787154318
1316,Thabo Sefolosha,26.0,0.05,1436.0,0.074,1453.0,0.082,2348.0,0.097,2049.0,0.0917518864399
1317,Keith Van Horn,29.0,0.123,2465.0,0.133,2337.0,0.129,2340.0,0.112,1502.0,0.122529901425
1318,David West,27.0,0.022,552.0,0.141,2526.0,0.131,1900.0,0.14,2870.0,0.124626043507
1320,Robert Horry,29.0,0.098,1395.0,0.144,2192.0,0.109,744.0,0.161,1685.0,0.117636588211
1322,Josh Childress,24.0,0.093,2376.0,0.121,2249.0,0.13,2024.0,0.16,2274.0,0.121467926398
1323,Bobby Jackson,27.0,-0.014,2042.0,0.062,941.0,0.101,1034.0,0.091,1648.0,0.0973563394529
1324,Peja Stojakovic,31.0,0.147,2601.0,0.1,425.0,0.144,2711.0,0.087,2089.0,0.128717016904
1325,Allan Houston,31.0,0.13,3169.0,0.126,2858.0,0.077,2914.0,0.111,3108.0,0.0974868977078
1327,Shane Battier,28.0,0.145,1947.0,0.149,2516.0,0.153,2839.0,0.144,2988.0,0.138308899331
1328,Cedric Ceballos,30.0,0.082,1426.0,0.138,990.0,0.055,352.0,0.094,2064.0,0.105566528519
1330,Omer Asik,28.0,0.129,971.0,0.108,2464.0,0.121,968.0,0.12,1982.0,0.112379691858
1332,Earl Watson,26.0,0.08,1366.0,0.052,1669.0,0.062,1808.0,0.081,1578.0,0.0815604845254
1334,Jerry Stackhouse,25.0,0.032,3166.0,0.089,2545.0,0.076,1188.0,0.111,3148.0,0.0928587166088
1335,Joe Smith,31.0,0.134,2254.0,0.116,2265.0,0.123,887.0,0.088,1503.0,0.114552521776
1336,Brandon Jennings,25.0,0.114,2331.0,0.096,2897.0,0.068,2728.0,0.136,1173.0,0.0890207855021
1337,Ryan Gomes,26.0,0.108,1376.0,0.089,2275.0,0.096,2434.0,0.046,2614.0,0.100606494072
1338,Kenyon Martin,31.0,0.117,1546.0,-0.036,63.0,0.111,2159.0,0.09,2111.0,0.109005982442
1342,Shawn Kemp,28.0,0.19,2679.0,0.205,2631.0,0.174,2750.0,0.118,2769.0,0.159684852585
1345,Keith Van Horn,27.0,0.096,2782.0,0.079,1733.0,0.123,2465.0,0.133,2337.0,0.11176214143
1346,Joe Smith,26.0,0.126,1418.0,0.114,1975.0,0.11,1941.0,0.153,1922.0,0.111789467803
1348,Kevin Martin,28.0,0.117,1947.0,0.123,1633.0,0.175,2603.0,0.125,1264.0,0.143773401461
1349,Chucky Brown,31.0,0.101,757.0,0.056,1202.0,0.066,1192.0,0.059,1096.0,0.0873103622131
1350,Nick Van Exel,29.0,0.166,2053.0,0.058,1802.0,0.079,2950.0,0.114,2688.0,0.0882334341987
1351,Stephen Jackson,30.0,0.073,2910.0,0.079,2479.0,0.077,2855.0,0.045,2339.0,0.0872205957261
1352,Milt Palacio,26.0,0.05,790.0,0.004,1976.0,-0.02,1211.0,0.054,1533.0,0.0478498317597
1353,Robert Horry,35.0,0.098,2343.0,0.171,1290.0,0.157,1396.0,0.145,1182.0,0.132327048591
1354,Luke Ridnour,28.0,0.052,2091.0,0.035,1223.0,0.081,2033.0,0.168,1759.0,0.0869097149825
1358,Tyreke Evans,24.0,0.036,2107.0,0.059,2162.0,0.105,2016.0,0.073,2028.0,0.0981176733253
1359,Charlie Bell,30.0,0.068,2848.0,0.038,1628.0,0.059,1783.0,0.06,1611.0,0.0770430690345
1360,Rasho Nesterovic,30.0,0.147,2353.0,0.114,1785.0,0.118,1515.0,0.118,1676.0,0.11426315548
1363,Kirk Hinrich,34.0,0.069,1237.0,0.085,1764.0,0.085,2116.0,0.03,1610.0,0.0932860617098
1364,Ron Harper,34.0,0.073,1536.0,0.161,1886.0,0.157,1740.0,0.151,2284.0,0.134466631446
1365,Zydrunas Ilgauskas,32.0,0.149,2615.0,0.184,2283.0,0.148,2130.0,0.131,2222.0,0.139498558102
1367,Juwan Howard,26.0,0.101,3324.0,0.086,2559.0,0.093,1430.0,0.031,2909.0,0.0994236519079
1368,Derek Anderson,31.0,0.153,2556.0,0.097,1810.0,0.052,1239.0,0.074,1047.0,0.0908541865901
1369,Chris Kaman,32.0,0.024,1372.0,0.058,1363.0,0.036,736.0,0.112,1398.0,0.0812412693205
1370,Chris Paul,25.0,0.284,3006.0,0.292,3002.0,0.204,1712.0,0.232,2880.0,0.195866363713
1371,Sebastian Telfair,22.0,-0.013,1330.0,0.017,1641.0,0.015,1578.0,0.018,1933.0,0.0583079205933
1372,Stacey Augmon,29.0,0.103,2362.0,0.117,2294.0,0.076,942.0,0.059,1445.0,0.102925355304
1373,Goran Dragic,26.0,0.094,1442.0,0.04,1234.0,0.139,1752.0,0.106,2581.0,0.114024424012
1374,Paul Pierce,27.0,0.187,3302.0,0.157,3096.0,0.109,3099.0,0.182,2960.0,0.121754607826
1378,Ray Allen,32.0,0.168,3064.0,0.15,3022.0,0.136,2219.0,0.177,2624.0,0.130343646867
1381,Jason Kidd,36.0,0.152,2933.0,0.097,2906.0,0.141,2886.0,0.148,2881.0,0.121249453255
1382,Sam Mack,28.0,0.103,868.0,0.071,904.0,0.037,1414.0,0.126,1083.0,0.0781293086153
1383,Marquis Daniels,32.0,0.064,937.0,0.103,938.0,0.008,484.0,0.023,1085.0,0.0895956890339
1385,Kyle Lowry,28.0,0.156,1510.0,0.133,2020.0,0.197,2862.0,0.141,2414.0,0.157987321618
1386,Bryant Stith,30.0,-0.018,718.0,0.019,1194.0,0.11,691.0,0.093,2504.0,0.0931469645528
1387,Tim Duncan,24.0,0.192,3204.0,0.213,1963.0,0.218,2875.0,0.2,3174.0,0.184020922232
1389,Jarvis Hayes,28.0,0.045,1626.0,0.108,1287.0,0.055,1832.0,0.038,1033.0,0.084903184854
1391,Kenny Thomas,25.0,0.058,1797.0,0.058,1820.0,0.085,2484.0,0.111,1978.0,0.0904902565947
1392,Eric Gordon,26.0,0.115,310.0,0.042,1264.0,0.058,2057.0,0.069,2018.0,0.0787331650961
1394,Horace Grant,33.0,0.169,2286.0,0.148,2496.0,0.122,2803.0,0.118,1660.0,0.122589254322
1395,Jordan Farmar,23.0,0.038,1090.0,0.111,1690.0,0.034,1192.0,0.093,1474.0,0.0868478435832
1397,Ronald Murray,26.0,-0.198,62.0,0.04,2021.0,-0.016,883.0,0.015,2112.0,0.0629063045984
1398,Theo Ratliff,32.0,0.077,2518.0,0.094,2664.0,0.063,1731.0,0.074,1301.0,0.087787653912
